competencia,codigo_ibge,municipio,familias,parcelas,valor_total,valor_medio_por_familia,populacao_2022,familias_por_1000_hab
202501,2301851,Banabuiú,3235,3245,2178231.0,673.33,17195.0,188.1
202501,2302404,Boa Viagem,9684,9762,6332084.0,653.87,50411.0,192.1
202501,2302800,Canindé,15576,15671,10403185.0,667.9,74174.0,210.0
202501,2303931,Choró,2528,2530,1698952.0,672.05,12113.0,208.7
202501,2305266,Ibaretama,2770,2780,1924060.0,694.61,11956.0,231.7
202501,2307635,Madalena,3426,3431,2303491.0,672.36,16896.0,202.8
202501,2308609,Monsenhor Tabosa,4100,4159,2773633.0,676.5,17149.0,239.1
202501,2310506,Pedra Branca,8303,8314,5470834.0,658.9,40187.0,206.6
202501,2311306,Quixadá,17950,17995,11783834.0,656.48,84168.0,213.3
202501,2311405,Quixeramobim,13035,13077,8610105.0,660.54,82177.0,158.6
202501,2313203,Tamboril,4558,4587,3119568.0,684.42,24815.0,183.7
202502,2301851,Banabuiú,3231,3231,2172515.0,672.4,17195.0,187.9
202502,2302404,Boa Viagem,9680,9715,6301660.0,651.0,50411.0,192.0
202502,2302800,Canindé,15642,15670,10402596.0,665.04,74174.0,210.9
202502,2303931,Choró,2520,2525,1694431.0,672.39,12113.0,208.0
202502,2305266,Ibaretama,2771,2777,1921675.0,693.5,11956.0,231.8
202502,2307635,Madalena,3425,3429,2298276.0,671.03,16896.0,202.7
202502,2308609,Monsenhor Tabosa,4137,4160,2772778.0,670.24,17149.0,241.2
202502,2310506,Pedra Branca,8298,8305,5459000.0,657.87,40187.0,206.5
202502,2311306,Quixadá,17984,18033,11794881.0,655.85,84168.0,213.7
202502,2311405,Quixeramobim,13089,13172,8672794.0,662.6,82177.0,159.3
202502,2313203,Tamboril,4560,4567,3104714.0,680.86,24815.0,183.8
202503,2301851,Banabuiú,3237,3251,2178938.0,673.14,17195.0,188.3
202503,2302404,Boa Viagem,9651,9727,6282078.0,650.93,50411.0,191.4
202503,2302800,Canindé,15720,15814,10472020.0,666.16,74174.0,211.9
202503,2303931,Choró,2518,2531,1691146.0,671.62,12113.0,207.9
202503,2305266,Ibaretama,2774,2775,1914317.0,690.09,11956.0,232.0
202503,2307635,Madalena,3421,3442,2298671.0,671.93,16896.0,202.5
202503,2308609,Monsenhor Tabosa,4214,4342,2877764.0,682.91,17149.0,245.7
202503,2310506,Pedra Branca,8289,8304,5451402.0,657.67,40187.0,206.3
202503,2311306,Quixadá,17950,18032,11758180.0,655.05,84168.0,213.3
202503,2311405,Quixeramobim,13135,13266,8670671.0,660.12,82177.0,159.8
202503,2313203,Tamboril,4554,4560,3083524.0,677.1,24815.0,183.5
202504,2301851,Banabuiú,3235,3235,2173253.0,671.79,17195.0,188.1
202504,2302404,Boa Viagem,9621,9645,6239798.0,648.56,50411.0,190.9
202504,2302800,Canindé,15725,15786,10482935.0,666.64,74174.0,212.0
202504,2303931,Choró,2518,2518,1694712.0,673.04,12113.0,207.9
202504,2305266,Ibaretama,2772,2772,1911556.0,689.59,11956.0,231.9
202504,2307635,Madalena,3421,3423,2290155.0,669.44,16896.0,202.5
202504,2308609,Monsenhor Tabosa,4266,4332,2871006.0,673.0,17149.0,248.8
202504,2310506,Pedra Branca,8285,8324,5476941.0,661.07,40187.0,206.2
202504,2311306,Quixadá,17901,17928,11714489.0,654.4,84168.0,212.7
202504,2311405,Quixeramobim,13075,13136,8634349.0,660.37,82177.0,159.1
202504,2313203,Tamboril,4543,4556,3084331.0,678.92,24815.0,183.1
202505,2301851,Banabuiú,3230,3234,2171428.0,672.27,17195.0,187.8
202505,2302404,Boa Viagem,9615,9637,6232467.0,648.2,50411.0,190.7
202505,2302800,Canindé,15716,15758,10451248.0,665.01,74174.0,211.9
202505,2303931,Choró,2509,2519,1692554.0,674.59,12113.0,207.1
202505,2305266,Ibaretama,2770,2772,1909531.0,689.36,11956.0,231.7
202505,2307635,Madalena,3421,3422,2287325.0,668.61,16896.0,202.5
202505,2308609,Monsenhor Tabosa,4286,4322,2861906.0,667.73,17149.0,249.9
202505,2310506,Pedra Branca,8279,8291,5451601.0,658.49,40187.0,206.0
202505,2311306,Quixadá,17865,17885,11683890.0,654.01,84168.0,212.3
202505,2311405,Quixeramobim,13026,13060,8587821.0,659.28,82177.0,158.5
202505,2313203,Tamboril,4534,4537,3071436.0,677.42,24815.0,182.7
202506,2301851,Banabuiú,3205,3212,2159354.0,673.75,17195.0,186.4
202506,2302404,Boa Viagem,9442,9446,6114218.0,647.56,50411.0,187.3
202506,2302800,Canindé,15630,15641,10379711.0,664.09,74174.0,210.7
202506,2303931,Choró,2494,2494,1679594.0,673.45,12113.0,205.9
202506,2305266,Ibaretama,2754,2754,1897152.0,688.87,11956.0,230.3
202506,2307635,Madalena,3404,3404,2274128.0,668.08,16896.0,201.5
202506,2308609,Monsenhor Tabosa,4241,4246,2809089.0,662.36,17149.0,247.3
202506,2310506,Pedra Branca,8227,8228,5415179.0,658.22,40187.0,204.7
202506,2311306,Quixadá,17759,17779,11623351.0,654.5,84168.0,211.0
202506,2311405,Quixeramobim,12937,12941,8516012.0,658.27,82177.0,157.4
202506,2313203,Tamboril,4490,4494,3041518.0,677.4,24815.0,180.9
202507,2301851,Banabuiú,3134,3136,2124902.0,678.02,17195.0,182.3
202507,2302404,Boa Viagem,9037,9049,5913325.0,654.35,50411.0,179.3
202507,2302800,Canindé,15095,15188,10160813.0,673.12,74174.0,203.5
202507,2303931,Choró,2427,2435,1639902.0,675.69,12113.0,200.4
202507,2305266,Ibaretama,2636,2642,1826977.0,693.09,11956.0,220.5
202507,2307635,Madalena,3323,3326,2235876.0,672.85,16896.0,196.7
202507,2308609,Monsenhor Tabosa,4117,4145,2755965.0,669.41,17149.0,240.1
202507,2310506,Pedra Branca,7933,7955,5251292.0,661.96,40187.0,197.4
202507,2311306,Quixadá,16971,17018,11186085.0,659.13,84168.0,201.6
202507,2311405,Quixeramobim,12402,12534,8293319.0,668.71,82177.0,150.9
202507,2313203,Tamboril,4423,4427,3011956.0,680.98,24815.0,178.2
202508,2301851,Banabuiú,3131,3142,2132544.0,681.11,17195.0,182.1
202508,2302404,Boa Viagem,9010,9039,5901691.0,655.02,50411.0,178.7
202508,2302800,Canindé,15028,15048,10061207.0,669.5,74174.0,202.6
202508,2303931,Choró,2428,2428,1636554.0,674.03,12113.0,200.4
202508,2305266,Ibaretama,2664,2664,1842386.0,691.59,11956.0,222.8
202508,2307635,Madalena,3313,3314,2224178.0,671.35,16896.0,196.1
202508,2308609,Monsenhor Tabosa,4139,4155,2765156.0,668.07,17149.0,241.4
202508,2310506,Pedra Branca,7878,7891,5208230.0,661.11,40187.0,196.0
202508,2311306,Quixadá,16793,16809,11051255.0,658.09,84168.0,199.5
202508,2311405,Quixeramobim,12603,12626,8364187.0,663.67,82177.0,153.4
202508,2313203,Tamboril,4408,4409,3001011.0,680.81,24815.0,177.6
202509,2301851,Banabuiú,3125,3144,2131300.0,682.02,17195.0,181.7
202509,2302404,Boa Viagem,8993,9089,5925367.0,658.89,50411.0,178.4
202509,2302800,Canindé,14999,15119,10069044.0,671.31,74174.0,202.2
202509,2303931,Choró,2419,2436,1636700.0,676.6,12113.0,199.7
202509,2305266,Ibaretama,2667,2681,1856086.0,695.95,11956.0,223.1
202509,2307635,Madalena,3298,3304,2219859.0,673.09,16896.0,195.2
202509,2308609,Monsenhor Tabosa,4153,4209,2793004.0,672.53,17149.0,242.2
202509,2310506,Pedra Branca,8025,8063,5327983.0,663.92,40187.0,199.7
202509,2311306,Quixadá,17034,17096,11256935.0,660.85,84168.0,202.4
202509,2311405,Quixeramobim,12638,12766,8440268.0,667.85,82177.0,153.8
202509,2313203,Tamboril,4393,4427,3019069.0,687.25,24815.0,177.0
202510,2301851,Banabuiú,3088,3097,2104461.0,681.5,17195.0,179.6
202510,2302404,Boa Viagem,8650,8760,5742739.0,663.9,50411.0,171.6
202510,2302800,Canindé,14785,14856,9904088.0,669.87,74174.0,199.3
202510,2303931,Choró,2397,2415,1635023.0,682.11,12113.0,197.9
202510,2305266,Ibaretama,2648,2655,1834758.0,692.88,11956.0,221.5
202510,2307635,Madalena,3241,3247,2183358.0,673.67,16896.0,191.8
202510,2308609,Monsenhor Tabosa,4118,4135,2749397.0,667.65,17149.0,240.1
202510,2310506,Pedra Branca,7938,7987,5287207.0,666.06,40187.0,197.5
202510,2311306,Quixadá,16846,16916,11139688.0,661.27,84168.0,200.1
202510,2311405,Quixeramobim,12560,12649,8381267.0,667.3,82177.0,152.8
202510,2313203,Tamboril,4309,4344,2975775.0,690.6,24815.0,173.6
202511,2301851,Banabuiú,3029,3051,2089883.0,689.96,17195.0,176.2
202511,2302404,Boa Viagem,8481,8559,5637592.0,664.73,50411.0,168.2
202511,2302800,Canindé,14621,14692,9809205.0,670.9,74174.0,197.1
202511,2303931,Choró,2356,2387,1601278.0,679.66,12113.0,194.5
202511,2305266,Ibaretama,2620,2631,1826833.0,697.26,11956.0,219.1
202511,2307635,Madalena,3191,3200,2161655.0,677.42,16896.0,188.9
202511,2308609,Monsenhor Tabosa,4103,4138,2753613.0,671.12,17149.0,239.3
202511,2310506,Pedra Branca,7860,7894,5228254.0,665.17,40187.0,195.6
202511,2311306,Quixadá,16564,16620,11005560.0,664.43,84168.0,196.8
202511,2311405,Quixeramobim,12380,12481,8284787.0,669.21,82177.0,150.7
202511,2313203,Tamboril,4265,4290,2947449.0,691.08,24815.0,171.9
202512,2301851,Banabuiú,3054,3055,2088683.0,683.92,17195.0,177.6
202512,2302404,Boa Viagem,8536,8624,5678529.0,665.24,50411.0,169.3
202512,2302800,Canindé,14964,15046,10074302.0,673.24,74174.0,201.7
202512,2303931,Choró,2354,2371,1592034.0,676.31,12113.0,194.3
202512,2305266,Ibaretama,2656,2670,1854594.0,698.27,11956.0,222.1
202512,2307635,Madalena,3208,3208,2164264.0,674.65,16896.0,189.9
202512,2308609,Monsenhor Tabosa,4240,4262,2833991.0,668.39,17149.0,247.2
202512,2310506,Pedra Branca,7909,7949,5269028.0,666.21,40187.0,196.8
202512,2311306,Quixadá,16690,16762,11097657.0,664.93,84168.0,198.3
202512,2311405,Quixeramobim,12518,12624,8382771.0,669.66,82177.0,152.3
202512,2313203,Tamboril,4348,4376,3000847.0,690.17,24815.0,175.2
202601,2301851,Banabuiú,3051,3093,2104543.0,689.79,17195.0,177.4
202601,2302404,Boa Viagem,8582,8948,5838455.0,680.31,50411.0,170.2
202601,2302800,Canindé,14973,15204,10114421.0,675.51,74174.0,201.9
202601,2303931,Choró,2345,2374,1584494.0,675.69,12113.0,193.6
202601,2305266,Ibaretama,2651,2664,1842774.0,695.12,11956.0,221.7
202601,2307635,Madalena,3212,3234,2166339.0,674.45,16896.0,190.1
202601,2308609,Monsenhor Tabosa,4232,4266,2818875.0,666.09,17149.0,246.8
202601,2310506,Pedra Branca,7897,8004,5255209.0,665.47,40187.0,196.5
202601,2311306,Quixadá,16674,16929,11122245.0,667.04,84168.0,198.1
202601,2311405,Quixeramobim,12518,12748,8402956.0,671.27,82177.0,152.3
202601,2313203,Tamboril,4342,4433,3023344.0,696.3,24815.0,175.0
202602,2301851,Banabuiú,3054,3082,2092915.0,685.3,17195.0,177.6
202602,2302404,Boa Viagem,8779,9025,5912033.0,673.43,50411.0,174.1
202602,2302800,Canindé,14954,15157,10073475.0,673.63,74174.0,201.6
202602,2303931,Choró,2342,2372,1587484.0,677.83,12113.0,193.3
202602,2305266,Ibaretama,2646,2664,1837567.0,694.47,11956.0,221.3
202602,2307635,Madalena,3211,3246,2165728.0,674.47,16896.0,190.0
202602,2308609,Monsenhor Tabosa,4211,4242,2810436.0,667.4,17149.0,245.6
202602,2310506,Pedra Branca,7877,7955,5228355.0,663.75,40187.0,196.0
202602,2311306,Quixadá,16648,16780,11031711.0,662.64,84168.0,197.8
202602,2311405,Quixeramobim,12463,12548,8281731.0,664.51,82177.0,151.7
202602,2313203,Tamboril,4384,4461,3037569.0,692.88,24815.0,176.7
202603,2301851,Banabuiú,3120,3127,2130315.0,682.79,17195.0,181.4
202603,2302404,Boa Viagem,8675,8772,5769452.0,665.07,50411.0,172.1
202603,2302800,Canindé,14816,14923,9940892.0,670.96,74174.0,199.7
202603,2303931,Choró,2375,2387,1595163.0,671.65,12113.0,196.1
202603,2305266,Ibaretama,2753,2770,1904143.0,691.66,11956.0,230.3
202603,2307635,Madalena,3217,3235,2163637.0,672.56,16896.0,190.4
202603,2308609,Monsenhor Tabosa,4163,4170,2770567.0,665.52,17149.0,242.8
202603,2310506,Pedra Branca,7813,7867,5193867.0,664.77,40187.0,194.4
202603,2311306,Quixadá,16400,16478,10865703.0,662.54,84168.0,194.8
202603,2311405,Quixeramobim,12803,12893,8533228.0,666.5,82177.0,155.8
202603,2313203,Tamboril,4315,4336,2963138.0,686.71,24815.0,173.9
202604,2301851,Banabuiú,3129,3145,2144699.0,685.43,17195.0,182.0
202604,2302404,Boa Viagem,8688,8744,5758583.0,662.82,50411.0,172.3
202604,2302800,Canindé,15650,15678,10434724.0,666.76,74174.0,211.0
202604,2303931,Choró,2379,2379,1596900.0,671.25,12113.0,196.4
202604,2305266,Ibaretama,2751,2762,1901690.0,691.27,11956.0,230.1
202604,2307635,Madalena,3212,3229,2157672.0,671.75,16896.0,190.1
202604,2308609,Monsenhor Tabosa,4239,4240,2821144.0,665.52,17149.0,247.2
202604,2310506,Pedra Branca,8149,8172,5405701.0,663.36,40187.0,202.8
202604,2311306,Quixadá,17367,17389,11432372.0,658.28,84168.0,206.3
202604,2311405,Quixeramobim,12818,12867,8541261.0,666.35,82177.0,156.0
202604,2313203,Tamboril,4274,4284,2928573.0,685.21,24815.0,172.2
202605,2301851,Banabuiú,3119,3120,2127051.0,681.97,17195.0,181.4
202605,2302404,Boa Viagem,8644,8669,5721796.0,661.94,50411.0,171.5
202605,2302800,Canindé,15652,15684,10445174.0,667.34,74174.0,211.0
202605,2303931,Choró,2372,2373,1591525.0,670.96,12113.0,195.8
202605,2305266,Ibaretama,2757,2764,1904277.0,690.71,11956.0,230.6
202605,2307635,Madalena,3212,3224,2152080.0,670.01,16896.0,190.1
202605,2308609,Monsenhor Tabosa,4235,4236,2820299.0,665.95,17149.0,247.0
202605,2310506,Pedra Branca,8142,8152,5398326.0,663.02,40187.0,202.6
202605,2311306,Quixadá,17337,17363,11442384.0,660.0,84168.0,206.0
202605,2311405,Quixeramobim,12765,12816,8502403.0,666.07,82177.0,155.3
202605,2313203,Tamboril,4179,4182,2861794.0,684.8,24815.0,168.4
202606,2301851,Banabuiú,3135,3139,2140382.0,682.74,17195.0,182.3
202606,2302404,Boa Viagem,8707,8775,5781448.0,664.0,50411.0,172.7
202606,2302800,Canindé,15675,15706,10471071.0,668.01,74174.0,211.3
202606,2303931,Choró,2368,2368,1587543.0,670.42,12113.0,195.5
202606,2305266,Ibaretama,2771,2773,1907389.0,688.34,11956.0,231.8
202606,2307635,Madalena,3209,3214,2141341.0,667.29,16896.0,189.9
202606,2308609,Monsenhor Tabosa,4279,4281,2849014.0,665.81,17149.0,249.5
202606,2310506,Pedra Branca,8165,8181,5421361.0,663.98,40187.0,203.2
202606,2311306,Quixadá,17541,17561,11555028.0,658.74,84168.0,208.4
202606,2311405,Quixeramobim,12792,12825,8521828.0,666.18,82177.0,155.7
202606,2313203,Tamboril,4163,4163,2847459.0,683.99,24815.0,167.8
202607,2301851,Banabuiú,3118,3123,2137213.0,685.44,17195.0,181.3
202607,2302404,Boa Viagem,8622,8644,5707113.0,661.92,50411.0,171.0
202607,2302800,Canindé,15687,15753,10499028.0,669.28,74174.0,211.5
202607,2303931,Choró,2351,2357,1579035.0,671.64,12113.0,194.1
202607,2305266,Ibaretama,2775,2779,1914755.0,690.0,11956.0,232.1
202607,2307635,Madalena,3170,3170,2120043.0,668.78,16896.0,187.6
202607,2308609,Monsenhor Tabosa,4126,4128,2721924.0,659.7,17149.0,240.6
202607,2310506,Pedra Branca,8159,8173,5420821.0,664.4,40187.0,203.0
202607,2311306,Quixadá,17656,17682,11642815.0,659.43,84168.0,209.8
202607,2311405,Quixeramobim,12689,12738,8489929.0,669.08,82177.0,154.4
202607,2313203,Tamboril,4103,4103,2802575.0,683.06,24815.0,165.3
202608,2301851,Banabuiú,3101,3106,2124592.0,685.13,17195.0,180.3
202608,2302404,Boa Viagem,8505,8525,5624020.0,661.26,50411.0,168.7
202608,2302800,Canindé,15588,15607,10418518.0,668.37,74174.0,210.2
202608,2303931,Choró,2348,2348,1573135.0,669.99,12113.0,193.8
202608,2305266,Ibaretama,2771,2771,1909274.0,689.02,11956.0,231.8
202608,2307635,Madalena,3137,3141,2098182.0,668.85,16896.0,185.7
202608,2308609,Monsenhor Tabosa,4098,4099,2704787.0,660.03,17149.0,239.0
202608,2310506,Pedra Branca,8108,8119,5388075.0,664.54,40187.0,201.8
202608,2311306,Quixadá,17639,17668,11634967.0,659.62,84168.0,209.6
202608,2311405,Quixeramobim,12705,12732,8511231.0,669.91,82177.0,154.6
202608,2313203,Tamboril,4063,4066,2782015.0,684.72,24815.0,163.7
