competencia,codigo_ibge,municipio,beneficiarios,beneficios,parcelas,valor_total,valor_medio_por_beneficiario,populacao_2022,beneficiarios_por_1000_hab
202501,2301851,Banabuiú,536,536,536,813678.73,1518.06,17195.0,31.2
202501,2302404,Boa Viagem,2946,2946,2946,4472157.76,1518.04,50411.0,58.4
202501,2302800,Canindé,4016,4016,4016,6096508.34,1518.05,74174.0,54.1
202501,2303931,Choró,309,309,309,469075.43,1518.04,12113.0,25.5
202501,2305266,Ibaretama,335,335,335,508545.84,1518.05,11956.0,28.0
202501,2307635,Madalena,531,531,531,806074.56,1518.03,16896.0,31.4
202501,2308609,Monsenhor Tabosa,500,500,500,759016.36,1518.03,17149.0,29.2
202501,2310506,Pedra Branca,1174,1177,1177,1786739.76,1521.92,40187.0,29.2
202501,2311306,Quixadá,6466,6470,6470,9821998.26,1519.02,84168.0,76.8
202501,2311405,Quixeramobim,4010,4010,4010,6087397.02,1518.05,82177.0,48.8
202501,2313203,Tamboril,847,847,847,1285770.07,1518.03,24815.0,34.1
202502,2301851,Banabuiú,536,536,536,813678.73,1518.06,17195.0,31.2
202502,2302404,Boa Viagem,2946,2946,2946,4472157.76,1518.04,50411.0,58.4
202502,2302800,Canindé,4016,4016,4016,6096508.34,1518.05,74174.0,54.1
202502,2303931,Choró,309,309,309,469075.43,1518.04,12113.0,25.5
202502,2305266,Ibaretama,335,335,335,508545.84,1518.05,11956.0,28.0
202502,2307635,Madalena,531,531,531,806074.56,1518.03,16896.0,31.4
202502,2308609,Monsenhor Tabosa,500,500,500,759016.36,1518.03,17149.0,29.2
202502,2310506,Pedra Branca,1174,1177,1177,1786739.76,1521.92,40187.0,29.2
202502,2311306,Quixadá,6466,6470,6470,9821998.26,1519.02,84168.0,76.8
202502,2311405,Quixeramobim,4010,4010,4010,6087397.02,1518.05,82177.0,48.8
202502,2313203,Tamboril,847,847,847,1285770.07,1518.03,24815.0,34.1
202503,2301851,Banabuiú,534,534,534,810644.5,1518.06,17195.0,31.1
202503,2302404,Boa Viagem,2996,2996,2996,4548077.94,1518.05,50411.0,59.4
202503,2302800,Canindé,4051,4051,4051,6149658.16,1518.06,74174.0,54.6
202503,2303931,Choró,310,310,310,470598.48,1518.06,12113.0,25.6
202503,2305266,Ibaretama,339,339,339,514620.21,1518.05,11956.0,28.4
202503,2307635,Madalena,545,545,545,827326.06,1518.03,16896.0,32.3
202503,2308609,Monsenhor Tabosa,510,510,510,774188.39,1518.02,17149.0,29.7
202503,2310506,Pedra Branca,1182,1185,1185,1798891.2,1521.9,40187.0,29.4
202503,2311306,Quixadá,6524,6528,6528,9910124.9,1519.03,84168.0,77.5
202503,2311405,Quixeramobim,4040,4040,4040,6132952.58,1518.06,82177.0,49.2
202503,2313203,Tamboril,859,859,859,1303983.6,1518.03,24815.0,34.6
202504,2301851,Banabuiú,538,538,538,816721.07,1518.07,17195.0,31.3
202504,2302404,Boa Viagem,3023,3023,3023,4589073.44,1518.05,50411.0,60.0
202504,2302800,Canindé,4080,4080,4080,6193694.64,1518.06,74174.0,55.0
202504,2303931,Choró,311,311,311,472118.71,1518.07,12113.0,25.7
202504,2305266,Ibaretama,344,344,344,522210.44,1518.05,11956.0,28.8
202504,2307635,Madalena,548,548,548,831880.37,1518.03,16896.0,32.4
202504,2308609,Monsenhor Tabosa,518,518,518,786341.41,1518.03,17149.0,30.2
202504,2310506,Pedra Branca,1202,1205,1205,1829254.73,1521.84,40187.0,29.9
202504,2311306,Quixadá,6576,6580,6580,9989105.97,1519.02,84168.0,78.1
202504,2311405,Quixeramobim,4072,4072,4072,6181541.48,1518.06,82177.0,49.6
202504,2313203,Tamboril,862,862,862,1308537.77,1518.03,24815.0,34.7
202505,2301851,Banabuiú,539,539,539,818238.25,1518.07,17195.0,31.3
202505,2302404,Boa Viagem,3041,3041,3041,4616386.71,1518.05,50411.0,60.3
202505,2302800,Canindé,4098,4098,4098,6221017.01,1518.06,74174.0,55.2
202505,2303931,Choró,313,313,313,475152.94,1518.06,12113.0,25.8
202505,2305266,Ibaretama,354,354,354,537393.22,1518.06,11956.0,29.6
202505,2307635,Madalena,554,554,554,840988.57,1518.03,16896.0,32.8
202505,2308609,Monsenhor Tabosa,529,529,529,803040.65,1518.04,17149.0,30.8
202505,2310506,Pedra Branca,1211,1214,1214,1842923.47,1521.82,40187.0,30.1
202505,2311306,Quixadá,6634,6638,6638,10077143.77,1519.01,84168.0,78.8
202505,2311405,Quixeramobim,4102,4102,4102,6227085.61,1518.06,82177.0,49.9
202505,2313203,Tamboril,867,867,867,1316128.38,1518.03,24815.0,34.9
202506,2301851,Banabuiú,545,545,545,827469.6,1518.29,17195.0,31.7
202506,2302404,Boa Viagem,3054,3054,3054,4637065.6,1518.36,50411.0,60.6
202506,2302800,Canindé,4126,4126,4126,6265688.64,1518.59,74174.0,55.6
202506,2303931,Choró,316,316,316,480056.68,1519.17,12113.0,26.1
202506,2305266,Ibaretama,360,360,360,546500.92,1518.06,11956.0,30.1
202506,2307635,Madalena,565,565,565,857689.14,1518.03,16896.0,33.4
202506,2308609,Monsenhor Tabosa,540,540,540,820557.42,1519.55,17149.0,31.5
202506,2310506,Pedra Branca,1222,1225,1225,1859623.04,1521.79,40187.0,30.4
202506,2311306,Quixadá,6687,6691,6691,10167479.79,1520.48,84168.0,79.4
202506,2311405,Quixeramobim,4126,4126,4126,6266165.01,1518.7,82177.0,50.2
202506,2313203,Tamboril,872,872,872,1325191.75,1519.72,24815.0,35.1
202507,2301851,Banabuiú,546,546,546,828864.77,1518.07,17195.0,31.8
202507,2302404,Boa Viagem,3038,3038,3038,4611842.04,1518.05,50411.0,60.3
202507,2302800,Canindé,4119,4119,4119,6252897.33,1518.06,74174.0,55.5
202507,2303931,Choró,317,317,317,481226.9,1518.07,12113.0,26.2
202507,2305266,Ibaretama,367,367,367,557127.51,1518.06,11956.0,30.7
202507,2307635,Madalena,564,564,564,856170.19,1518.03,16896.0,33.4
202507,2308609,Monsenhor Tabosa,549,549,549,833398.84,1518.03,17149.0,32.0
202507,2310506,Pedra Branca,1241,1244,1244,1888461.05,1521.73,40187.0,30.9
202507,2311306,Quixadá,6693,6697,6697,10166715.44,1519.01,84168.0,79.5
202507,2311405,Quixeramobim,4131,4131,4131,6271121.86,1518.06,82177.0,50.3
202507,2313203,Tamboril,596,596,596,904745.52,1518.03,24815.0,24.0
202508,2301851,Banabuiú,550,550,550,834937.42,1518.07,17195.0,32.0
202508,2302404,Boa Viagem,3042,3042,3042,4617916.24,1518.05,50411.0,60.3
202508,2302800,Canindé,4128,4128,4128,6266551.92,1518.06,74174.0,55.7
202508,2303931,Choró,315,315,315,478188.44,1518.06,12113.0,26.0
202508,2305266,Ibaretama,367,367,367,557126.32,1518.06,11956.0,30.7
202508,2307635,Madalena,568,568,568,862244.26,1518.04,16896.0,33.6
202508,2308609,Monsenhor Tabosa,553,553,553,839470.79,1518.03,17149.0,32.2
202508,2310506,Pedra Branca,1250,1252,1252,1900604.97,1520.48,40187.0,31.1
202508,2311306,Quixadá,6740,6744,6744,10238045.89,1519.0,84168.0,80.1
202508,2311405,Quixeramobim,4134,4134,4134,6275676.96,1518.06,82177.0,50.3
202508,2313203,Tamboril,897,897,897,1361683.31,1518.04,24815.0,36.1
202509,2301851,Banabuiú,553,553,553,839493.9,1518.07,17195.0,32.2
202509,2302404,Boa Viagem,3017,3017,3017,4579967.16,1518.05,50411.0,59.8
202509,2302800,Canindé,4110,4110,4110,6239231.78,1518.06,74174.0,55.4
202509,2303931,Choró,313,313,313,475153.04,1518.06,12113.0,25.8
202509,2305266,Ibaretama,369,369,369,560162.2,1518.05,11956.0,30.9
202509,2307635,Madalena,572,572,572,868315.56,1518.03,16896.0,33.9
202509,2308609,Monsenhor Tabosa,548,548,548,831880.53,1518.03,17149.0,32.0
202509,2310506,Pedra Branca,1253,1255,1255,1905159.04,1520.48,40187.0,31.2
202509,2311306,Quixadá,6722,6726,6726,10210725.77,1519.0,84168.0,79.9
202509,2311405,Quixeramobim,4130,4130,4130,6269600.18,1518.06,82177.0,50.3
202509,2313203,Tamboril,892,892,892,1354094.46,1518.04,24815.0,35.9
202510,2301851,Banabuiú,554,554,554,841009.12,1518.07,17195.0,32.2
202510,2302404,Boa Viagem,2986,2986,2986,4532908.34,1518.05,50411.0,59.2
202510,2302800,Canindé,4105,4105,4105,6231642.87,1518.06,74174.0,55.3
202510,2303931,Choró,318,318,318,482742.35,1518.06,12113.0,26.3
202510,2305266,Ibaretama,369,369,369,560162.3,1518.06,11956.0,30.9
202510,2307635,Madalena,564,564,564,856171.24,1518.03,16896.0,33.4
202510,2308609,Monsenhor Tabosa,556,556,556,844024.62,1518.03,17149.0,32.4
202510,2310506,Pedra Branca,1244,1246,1246,1891498.43,1520.5,40187.0,31.0
202510,2311306,Quixadá,6708,6712,6712,10189464.08,1519.0,84168.0,79.7
202510,2311405,Quixeramobim,4113,4113,4113,6243792.8,1518.06,82177.0,50.1
202510,2313203,Tamboril,892,892,892,1354093.33,1518.04,24815.0,35.9
202511,2301851,Banabuiú,554,554,554,841061.45,1518.16,17195.0,32.2
202511,2302404,Boa Viagem,2975,2975,2975,4516392.84,1518.12,50411.0,59.0
202511,2302800,Canindé,4105,4105,4105,6231954.3,1518.14,74174.0,55.3
202511,2303931,Choró,326,326,326,494902.93,1518.11,12113.0,26.9
202511,2305266,Ibaretama,373,373,373,566266.14,1518.14,11956.0,31.2
202511,2307635,Madalena,561,561,561,851636.71,1518.07,16896.0,33.2
202511,2308609,Monsenhor Tabosa,558,558,558,847098.27,1518.1,17149.0,32.5
202511,2310506,Pedra Branca,1254,1256,1256,1906804.55,1520.58,40187.0,31.2
202511,2311306,Quixadá,6725,6729,6729,10215730.42,1519.07,84168.0,79.9
202511,2311405,Quixeramobim,4126,4126,4126,6263832.54,1518.14,82177.0,50.2
202511,2313203,Tamboril,909,909,909,1379942.25,1518.09,24815.0,36.6
202512,2301851,Banabuiú,553,553,553,839489.66,1518.06,17195.0,32.2
202512,2302404,Boa Viagem,2956,2956,2956,4487361.53,1518.05,50411.0,58.6
202512,2302800,Canindé,4087,4087,4087,6204327.04,1518.06,74174.0,55.1
202512,2303931,Choró,320,320,320,485778.74,1518.06,12113.0,26.4
202512,2305266,Ibaretama,370,370,370,561680.37,1518.06,11956.0,30.9
202512,2307635,Madalena,559,559,559,848580.19,1518.03,16896.0,33.1
202512,2308609,Monsenhor Tabosa,557,557,557,845543.09,1518.03,17149.0,32.5
202512,2310506,Pedra Branca,1251,1253,1253,1902122.3,1520.48,40187.0,31.1
202512,2311306,Quixadá,6756,6760,6760,10262329.2,1518.99,84168.0,80.3
202512,2311405,Quixeramobim,4128,4128,4128,6266556.64,1518.06,82177.0,50.2
202512,2313203,Tamboril,906,906,906,1375340.02,1518.04,24815.0,36.5
202601,2301851,Banabuiú,551,551,551,893206.44,1621.06,17195.0,32.0
202601,2302404,Boa Viagem,2946,2946,2946,4775618.89,1621.05,50411.0,58.4
202601,2302800,Canindé,4070,4070,4070,6597741.38,1621.07,74174.0,54.9
202601,2303931,Choró,317,317,317,513876.13,1621.06,12113.0,26.2
202601,2305266,Ibaretama,371,371,371,601411.1,1621.05,11956.0,31.0
202601,2307635,Madalena,555,555,555,899675.59,1621.04,16896.0,32.8
202601,2308609,Monsenhor Tabosa,556,556,556,901293.91,1621.03,17149.0,32.4
202601,2310506,Pedra Branca,1259,1261,1261,2044149.32,1623.63,40187.0,31.3
202601,2311306,Quixadá,6757,6761,6761,10960224.31,1622.05,84168.0,80.3
202601,2311405,Quixeramobim,4130,4130,4130,6694980.21,1621.06,82177.0,50.3
202601,2313203,Tamboril,905,905,905,1467038.28,1621.04,24815.0,36.5
202602,2301851,Banabuiú,536,536,536,868889.75,1621.06,17195.0,31.2
202602,2302404,Boa Viagem,2918,2918,2918,4730220.63,1621.05,50411.0,57.9
202602,2302800,Canindé,4026,4026,4026,6526413.67,1621.07,74174.0,54.3
202602,2303931,Choró,310,310,310,502529.12,1621.06,12113.0,25.6
202602,2305266,Ibaretama,371,371,371,601411.15,1621.05,11956.0,31.0
202602,2307635,Madalena,551,551,551,893192.13,1621.04,16896.0,32.6
202602,2308609,Monsenhor Tabosa,555,555,555,899672.35,1621.03,17149.0,32.4
202602,2310506,Pedra Branca,1223,1225,1225,1985791.77,1623.71,40187.0,30.4
202602,2311306,Quixadá,6736,6740,6740,10926183.75,1622.06,84168.0,80.0
202602,2311405,Quixeramobim,4070,4070,4070,6597707.93,1621.06,82177.0,49.5
202602,2313203,Tamboril,886,886,886,1436237.94,1621.04,24815.0,35.7
202603,2301851,Banabuiú,544,544,544,881856.81,1621.06,17195.0,31.6
202603,2302404,Boa Viagem,2984,2984,2984,4837206.19,1621.05,50411.0,59.2
202603,2302800,Canindé,4094,4094,4094,6636649.77,1621.07,74174.0,55.2
202603,2303931,Choró,320,320,320,518739.51,1621.06,12113.0,26.4
202603,2305266,Ibaretama,379,379,379,614380.11,1621.06,11956.0,31.7
202603,2307635,Madalena,563,563,563,912643.95,1621.04,16896.0,33.3
202603,2308609,Monsenhor Tabosa,567,567,567,919122.35,1621.03,17149.0,33.1
202603,2310506,Pedra Branca,1246,1248,1248,2023077.23,1623.66,40187.0,31.0
202603,2311306,Quixadá,6898,6902,6902,11188785.41,1622.03,84168.0,82.0
202603,2311405,Quixeramobim,4146,4146,4146,6720900.93,1621.06,82177.0,50.5
202603,2313203,Tamboril,908,908,908,1471903.73,1621.04,24815.0,36.6
202604,2301851,Banabuiú,544,544,544,881856.36,1621.06,17195.0,31.6
202604,2302404,Boa Viagem,2968,2968,2968,4811274.9,1621.05,50411.0,58.9
202604,2302800,Canindé,4092,4092,4092,6633405.86,1621.07,74174.0,55.2
202604,2303931,Choró,318,318,318,515500.62,1621.07,12113.0,26.3
202604,2305266,Ibaretama,367,367,367,594929.5,1621.06,11956.0,30.7
202604,2307635,Madalena,566,566,566,917506.45,1621.04,16896.0,33.5
202604,2308609,Monsenhor Tabosa,572,572,572,927229.2,1621.03,17149.0,33.4
202604,2310506,Pedra Branca,1254,1256,1256,2036043.91,1623.64,40187.0,31.2
202604,2311306,Quixadá,6813,6817,6817,11050998.19,1622.05,84168.0,80.9
202604,2311405,Quixeramobim,4060,4060,4060,6581493.02,1621.06,82177.0,49.4
202604,2313203,Tamboril,909,909,909,1473525.25,1621.04,24815.0,36.6
202605,2301851,Banabuiú,545,545,545,883477.51,1621.06,17195.0,31.7
202605,2302404,Boa Viagem,2990,2990,2990,4846938.31,1621.05,50411.0,59.3
202605,2302800,Canindé,4106,4106,4106,6656097.96,1621.07,74174.0,55.4
202605,2303931,Choró,316,316,316,512258.22,1621.07,12113.0,26.1
202605,2305266,Ibaretama,372,372,372,603033.99,1621.06,11956.0,31.1
202605,2307635,Madalena,564,564,564,914264.4,1621.04,16896.0,33.4
202605,2308609,Monsenhor Tabosa,570,570,570,923988.56,1621.03,17149.0,33.2
202605,2310506,Pedra Branca,1263,1265,1265,2050629.34,1623.62,40187.0,31.4
202605,2311306,Quixadá,6841,6845,6845,11096371.25,1622.04,84168.0,81.3
202605,2311405,Quixeramobim,4075,4075,4075,6605810.03,1621.06,82177.0,49.6
202605,2313203,Tamboril,915,915,915,1483248.39,1621.04,24815.0,36.9
202606,2301851,Banabuiú,543,543,543,880234.99,1621.06,17195.0,31.6
202606,2302404,Boa Viagem,3011,3011,3011,4880976.74,1621.05,50411.0,59.7
202606,2302800,Canindé,4130,4130,4130,6695010.25,1621.07,74174.0,55.7
202606,2303931,Choró,314,314,314,509014.16,1621.06,12113.0,25.9
202606,2305266,Ibaretama,377,377,377,611137.21,1621.05,11956.0,31.5
202606,2307635,Madalena,560,560,560,907780.55,1621.04,16896.0,33.1
202606,2308609,Monsenhor Tabosa,587,587,587,951545.57,1621.03,17149.0,34.2
202606,2310506,Pedra Branca,1266,1268,1268,2055492.78,1623.61,40187.0,31.5
202606,2311306,Quixadá,6905,6909,6909,11200121.59,1622.03,84168.0,82.0
202606,2311405,Quixeramobim,4116,4116,4116,6672270.19,1621.06,82177.0,50.1
202606,2313203,Tamboril,923,923,923,1496213.71,1621.03,24815.0,37.2
202607,2301851,Banabuiú,546,546,546,885097.54,1621.06,17195.0,31.8
202607,2302404,Boa Viagem,3039,3039,3039,4926369.13,1621.05,50411.0,60.3
202607,2302800,Canindé,4150,4150,4150,6727426.77,1621.07,74174.0,55.9
202607,2303931,Choró,316,316,316,512257.81,1621.07,12113.0,26.1
202607,2305266,Ibaretama,380,380,380,616000.86,1621.05,11956.0,31.8
202607,2307635,Madalena,565,565,565,915884.28,1621.03,16896.0,33.4
202607,2308609,Monsenhor Tabosa,589,589,589,954787.79,1621.03,17149.0,34.3
202607,2310506,Pedra Branca,1270,1272,1272,2061975.53,1623.6,40187.0,31.6
202607,2311306,Quixadá,6992,6996,6996,11341149.67,1622.02,84168.0,83.1
202607,2311405,Quixeramobim,4156,4156,4156,6737107.4,1621.06,82177.0,50.6
202607,2313203,Tamboril,933,933,933,1512426.72,1621.04,24815.0,37.6
202608,2301851,Banabuiú,547,547,547,886719.17,1621.06,17195.0,31.8
202608,2302404,Boa Viagem,3085,3085,3085,5000938.55,1621.05,50411.0,61.2
202608,2302800,Canindé,4182,4182,4182,6779304.3,1621.07,74174.0,56.4
202608,2303931,Choró,323,323,323,523605.0,1621.07,12113.0,26.7
202608,2305266,Ibaretama,385,385,385,624104.3,1621.05,11956.0,32.2
202608,2307635,Madalena,582,582,582,943439.71,1621.03,16896.0,34.4
202608,2308609,Monsenhor Tabosa,601,601,601,974240.22,1621.03,17149.0,35.0
202608,2310506,Pedra Branca,1284,1286,1286,2084668.56,1623.57,40187.0,32.0
202608,2311306,Quixadá,7138,7142,7142,11577803.18,1622.0,84168.0,84.8
202608,2311405,Quixeramobim,4179,4179,4179,6774388.88,1621.06,82177.0,50.9
202608,2313203,Tamboril,948,948,948,1536740.49,1621.03,24815.0,38.2
