codigo_ibge,municipio,moradores_2022,renda_media_pc_2022,renda_mediana_pc_2022,razao_mediana_media,pct_ate_1_4_sm,pct_ate_1_2_sm,pct_sem_rendimento,pct_mais_de_2_sm,gini_2022,esgoto_rede_pct,esgoto_fossa_septica_nao_ligada_pct,esgoto_inadequado_pct,agua_rede_principal_pct,agua_sem_ligacao_pct,lixo_coletado_pct,lixo_queimado_pct,alfabetizacao_15mais_pct
2302404,Boa Viagem,50392.0,715.0,565.0,0.79,28.5,57.0,1.5,2.6,,42.9,9.7,47.5,71.4,16.6,62.1,35.0,75.7
2307635,Madalena,16885.0,656.0,482.0,0.73,30.5,59.8,3.3,1.8,,13.1,17.9,69.0,60.8,22.1,69.1,29.4,79.1
2311405,Quixeramobim,82017.0,854.0,606.0,0.71,20.7,51.0,1.5,4.1,,48.8,19.3,31.9,76.6,13.9,67.4,30.9,82.2
2311306,Quixadá,84046.0,888.0,604.0,0.68,23.5,50.9,2.3,5.3,,48.5,7.3,44.2,76.1,21.3,79.0,19.7,82.6
2301851,Banabuiú,17174.0,740.0,571.0,0.77,28.6,56.7,1.2,2.7,,32.6,0.9,66.5,85.5,13.2,58.5,39.6,76.2
2303931,Choró,12113.0,550.0,404.0,0.74,39.5,67.3,1.1,0.7,,5.5,8.1,86.3,47.2,42.9,27.8,67.4,75.0
2305266,Ibaretama,11953.0,624.0,450.0,0.72,33.3,63.1,1.5,1.7,,3.7,4.7,91.5,54.9,43.7,48.9,48.7,73.7
2302800,Canindé,74028.0,816.0,575.0,0.7,26.3,53.5,1.8,4.2,,26.5,13.7,59.9,65.4,28.4,68.3,29.7,80.8
2308609,Monsenhor Tabosa,17149.0,705.0,600.0,0.85,27.1,54.4,0.7,2.0,,13.5,48.2,38.3,66.8,22.0,64.8,33.4,78.6
2313203,Tamboril,24795.0,688.0,490.0,0.71,33.2,60.5,1.5,2.8,,16.6,14.3,69.1,71.6,19.5,63.3,34.5,74.9
2310506,Pedra Branca,40145.0,668.0,521.0,0.78,28.7,60.6,1.6,2.0,,36.7,9.7,53.6,54.5,31.3,65.6,32.9,76.5
