municipio,ocupados_2022,com_carteira,estatutarios_militares,sem_carteira,conta_propria,familiar_auxiliar,empregadores,pct_com_carteira,pct_formal_carteira_estatutario,pct_sem_carteira,pct_conta_propria_familiar,assalariados_cempre_2022,assalariados_cempre_2024,var_assalariados_pct,salario_medio_2024_reais,assalariados_cempre_por_100_ocupados
Quixeramobim,27958.0,10186.0,2402.0,8081.0,6417.0,194.0,678.0,36.43,45.02,28.9,23.65,12527.0,16126.0,28.73,1945.81,44.81
Quixadá,29202.0,6316.0,3186.0,9115.0,9357.0,405.0,823.0,21.63,32.54,31.21,33.43,9388.0,10237.0,9.04,2180.16,32.15
Canindé,25953.0,5088.0,2863.0,8156.0,7903.0,1395.0,548.0,19.6,30.64,31.43,35.83,9122.0,9061.0,-0.67,2469.15,35.15
Banabuiú,4890.0,809.0,608.0,1376.0,1999.0,19.0,77.0,16.54,28.98,28.14,41.27,1653.0,1390.0,-15.91,2350.58,33.8
Madalena,4827.0,622.0,758.0,1732.0,1416.0,195.0,104.0,12.89,28.59,35.88,33.37,1264.0,1472.0,16.46,2405.09,26.19
Pedra Branca,10510.0,1347.0,1371.0,4173.0,3047.0,263.0,311.0,12.82,25.86,39.71,31.49,3634.0,4025.0,10.76,2011.21,34.58
Boa Viagem,12993.0,1460.0,1680.0,5082.0,3088.0,1234.0,449.0,11.24,24.17,39.11,33.26,3449.0,4094.0,18.7,2455.77,26.55
Choró,2216.0,239.0,391.0,820.0,703.0,21.0,41.0,10.79,28.43,37.0,32.67,481.0,576.0,19.75,2503.57,21.71
Monsenhor Tabosa,5481.0,518.0,635.0,1761.0,2398.0,24.0,144.0,9.45,21.04,32.13,44.19,1184.0,1582.0,33.61,1507.59,21.6
Ibaretama,3022.0,246.0,419.0,1236.0,1064.0,22.0,35.0,8.14,22.01,40.9,35.94,915.0,943.0,3.06,2529.53,30.28
Tamboril,6995.0,328.0,1021.0,2351.0,2842.0,227.0,226.0,4.69,19.29,33.61,43.87,1267.0,1653.0,30.47,2275.31,18.11
