localidade_id,localidade,periodo,pib_mil_reais,vab_total_mil_reais,vab_agropecuaria_mil_reais,vab_industria_mil_reais,vab_administracao_publica_mil_reais,impostos_mil_reais,vab_servicos_privados_mil_reais,pct_agropecuaria,pct_industria,pct_servicos_privados,pct_administracao_publica,dif_soma_setores_pct,setor_principal
2301851,Banabuiú (CE),2018,163626.0,156020.0,27070.0,16752.0,71289.0,7606.0,40909.0,17.4,10.7,26.2,45.7,0.0,administracao_publica
2301851,Banabuiú (CE),2019,183515.0,173515.0,32877.0,15410.0,72850.0,10000.0,52379.0,18.9,8.9,30.2,42.0,-0.0,administracao_publica
2301851,Banabuiú (CE),2020,209737.0,198646.0,46443.0,14910.0,78278.0,11091.0,59015.0,23.4,7.5,29.7,39.4,0.0,administracao_publica
2301851,Banabuiú (CE),2021,260031.0,245742.0,52282.0,40825.0,85966.0,14289.0,66669.0,21.3,16.6,27.1,35.0,0.0,administracao_publica
2301851,Banabuiú (CE),2022,296956.0,,,,,,,,,,,,
2301851,Banabuiú (CE),2023,318579.0,,,,,,,,,,,,
2302404,Boa Viagem (CE),2018,395707.0,377723.0,36215.0,23313.0,188982.0,17984.0,129214.0,9.6,6.2,34.2,50.0,-0.0,administracao_publica
2302404,Boa Viagem (CE),2019,469723.0,440223.0,35565.0,29677.0,195720.0,29500.0,179260.0,8.1,6.7,40.7,44.5,0.0,administracao_publica
2302404,Boa Viagem (CE),2020,508266.0,478219.0,61388.0,34466.0,197844.0,30047.0,184520.0,12.8,7.2,38.6,41.4,0.0,administracao_publica
2302404,Boa Viagem (CE),2021,539218.0,502461.0,61799.0,36881.0,214382.0,36757.0,189399.0,12.3,7.3,37.7,42.7,0.0,administracao_publica
2302404,Boa Viagem (CE),2022,584404.0,,,,,,,,,,,,
2302404,Boa Viagem (CE),2023,717721.0,,,,,,,,,,,,
2302800,Canindé (CE),2018,655467.0,619987.0,32431.0,35265.0,284956.0,35480.0,267335.0,5.2,5.7,43.1,46.0,0.0,administracao_publica
2302800,Canindé (CE),2019,888885.0,829939.0,43750.0,64773.0,304601.0,58946.0,416814.0,5.3,7.8,50.2,36.7,0.0,servicos_privados
2302800,Canindé (CE),2020,882668.0,825122.0,64869.0,84126.0,318849.0,57546.0,357278.0,7.9,10.2,43.3,38.6,0.0,servicos_privados
2302800,Canindé (CE),2021,911356.0,846383.0,60721.0,72822.0,342393.0,64973.0,370446.0,7.2,8.6,43.8,40.5,0.0,servicos_privados
2302800,Canindé (CE),2022,1021411.0,,,,,,,,,,,,
2302800,Canindé (CE),2023,1194867.0,,,,,,,,,,,,
2303931,Choró (CE),2018,82146.0,79672.0,9233.0,1976.0,51923.0,2474.0,16539.0,11.6,2.5,20.8,65.2,0.0,administracao_publica
2303931,Choró (CE),2019,124553.0,118359.0,8947.0,5069.0,51969.0,6194.0,52373.0,7.6,4.3,44.2,43.9,0.0,servicos_privados
2303931,Choró (CE),2020,176741.0,167115.0,13401.0,8483.0,60061.0,9625.0,85171.0,8.0,5.1,51.0,35.9,-0.0,servicos_privados
2303931,Choró (CE),2021,178989.0,167029.0,13500.0,7985.0,60724.0,11960.0,84820.0,8.1,4.8,50.8,36.4,0.0,servicos_privados
2303931,Choró (CE),2022,192951.0,,,,,,,,,,,,
2303931,Choró (CE),2023,211479.0,,,,,,,,,,,,
2305266,Ibaretama (CE),2018,95630.0,91339.0,14464.0,3896.0,50048.0,4291.0,22930.0,15.8,4.3,25.1,54.8,0.0,administracao_publica
2305266,Ibaretama (CE),2019,108664.0,103199.0,15329.0,3802.0,53403.0,5464.0,30666.0,14.9,3.7,29.7,51.7,-0.0,administracao_publica
2305266,Ibaretama (CE),2020,124442.0,118589.0,18214.0,5026.0,60511.0,5853.0,34838.0,15.4,4.2,29.4,51.0,0.0,administracao_publica
2305266,Ibaretama (CE),2021,132265.0,126040.0,21880.0,4728.0,65914.0,6226.0,33518.0,17.4,3.8,26.6,52.3,0.0,administracao_publica
2305266,Ibaretama (CE),2022,144293.0,,,,,,,,,,,,
2305266,Ibaretama (CE),2023,163765.0,,,,,,,,,,,,
2307635,Madalena (CE),2018,131492.0,126586.0,15269.0,2525.0,73039.0,4906.0,35754.0,12.1,2.0,28.2,57.7,-0.0,administracao_publica
2307635,Madalena (CE),2019,141443.0,135407.0,16039.0,3699.0,75532.0,6036.0,40137.0,11.8,2.7,29.6,55.8,0.0,administracao_publica
2307635,Madalena (CE),2020,161611.0,154107.0,19187.0,4900.0,81272.0,7504.0,48748.0,12.5,3.2,31.6,52.7,0.0,administracao_publica
2307635,Madalena (CE),2021,174831.0,165666.0,21177.0,5525.0,88358.0,9165.0,50606.0,12.8,3.3,30.5,53.3,0.0,administracao_publica
2307635,Madalena (CE),2022,208238.0,,,,,,,,,,,,
2307635,Madalena (CE),2023,215696.0,,,,,,,,,,,,
2308609,Monsenhor Tabosa (CE),2018,130693.0,125037.0,14627.0,3588.0,67864.0,5656.0,38958.0,11.7,2.9,31.2,54.3,0.0,administracao_publica
2308609,Monsenhor Tabosa (CE),2019,141197.0,134331.0,13595.0,7039.0,69686.0,6866.0,44012.0,10.1,5.2,32.8,51.9,-0.0,administracao_publica
2308609,Monsenhor Tabosa (CE),2020,149162.0,142200.0,18496.0,5887.0,72490.0,6962.0,45328.0,13.0,4.1,31.9,51.0,-0.0,administracao_publica
2308609,Monsenhor Tabosa (CE),2021,160699.0,151854.0,20111.0,4102.0,80573.0,8845.0,47068.0,13.2,2.7,31.0,53.1,0.0,administracao_publica
2308609,Monsenhor Tabosa (CE),2022,179307.0,,,,,,,,,,,,
2308609,Monsenhor Tabosa (CE),2023,210938.0,,,,,,,,,,,,
2310506,Pedra Branca (CE),2018,300170.0,286284.0,24605.0,6407.0,154504.0,13887.0,100767.0,8.6,2.2,35.2,54.0,0.0,administracao_publica
2310506,Pedra Branca (CE),2019,332992.0,317991.0,22648.0,8327.0,174404.0,15001.0,112613.0,7.1,2.6,35.4,54.8,-0.0,administracao_publica
2310506,Pedra Branca (CE),2020,378258.0,362232.0,39871.0,10159.0,190021.0,16026.0,122181.0,11.0,2.8,33.7,52.5,0.0,administracao_publica
2310506,Pedra Branca (CE),2021,389914.0,369751.0,40783.0,9630.0,195399.0,20163.0,123938.0,11.0,2.6,33.5,52.8,0.0,administracao_publica
2310506,Pedra Branca (CE),2022,411066.0,,,,,,,,,,,,
2310506,Pedra Branca (CE),2023,481197.0,,,,,,,,,,,,
2311306,Quixadá (CE),2018,1043640.0,959867.0,74931.0,97493.0,285434.0,83772.0,502009.0,7.8,10.2,52.3,29.7,0.0,servicos_privados
2311306,Quixadá (CE),2019,1005884.0,931212.0,84269.0,52286.0,318037.0,74672.0,476620.0,9.0,5.6,51.2,34.2,0.0,servicos_privados
2311306,Quixadá (CE),2020,1051941.0,978152.0,88955.0,73608.0,340996.0,73789.0,474592.0,9.1,7.5,48.5,34.9,0.0,servicos_privados
2311306,Quixadá (CE),2021,1109869.0,1022198.0,104794.0,66048.0,361528.0,87671.0,489828.0,10.3,6.5,47.9,35.4,0.0,servicos_privados
2311306,Quixadá (CE),2022,1283066.0,,,,,,,,,,,,
2311306,Quixadá (CE),2023,1424438.0,,,,,,,,,,,,
2311405,Quixeramobim (CE),2018,1072295.0,974461.0,77375.0,239200.0,275703.0,97835.0,382182.0,7.9,24.5,39.2,28.3,0.0,servicos_privados
2311405,Quixeramobim (CE),2019,1229512.0,1125710.0,94660.0,309402.0,295865.0,103801.0,425784.0,8.4,27.5,37.8,26.3,-0.0,servicos_privados
2311405,Quixeramobim (CE),2020,1185654.0,1090648.0,117292.0,235774.0,303551.0,95006.0,434032.0,10.8,21.6,39.8,27.8,-0.0,servicos_privados
2311405,Quixeramobim (CE),2021,1402461.0,1280342.0,149436.0,290142.0,320101.0,122119.0,520662.0,11.7,22.7,40.7,25.0,0.0,servicos_privados
2311405,Quixeramobim (CE),2022,1725840.0,,,,,,,,,,,,
2311405,Quixeramobim (CE),2023,1928559.0,,,,,,,,,,,,
2313203,Tamboril (CE),2018,211770.0,204630.0,40592.0,6203.0,97818.0,7140.0,60017.0,19.8,3.0,29.3,47.8,0.0,administracao_publica
2313203,Tamboril (CE),2019,239874.0,230978.0,46245.0,6850.0,104710.0,8895.0,73173.0,20.0,3.0,31.7,45.3,0.0,administracao_publica
2313203,Tamboril (CE),2020,261258.0,252681.0,62540.0,8015.0,108813.0,8577.0,73314.0,24.8,3.2,29.0,43.1,-0.0,administracao_publica
2313203,Tamboril (CE),2021,282247.0,271489.0,70097.0,8718.0,117292.0,10758.0,75382.0,25.8,3.2,27.8,43.2,0.0,administracao_publica
2313203,Tamboril (CE),2022,316962.0,,,,,,,,,,,,
2313203,Tamboril (CE),2023,319202.0,,,,,,,,,,,,
