competencia,codigo_ibge,municipio,beneficiarios,parcelas,valor_total,valor_medio_por_pagamento,populacao_2022,beneficiarios_por_1000_hab
202406,2301851,Banabuiú,2,2,2400.0,1200.0,17195.0,0.1
202406,2302404,Boa Viagem,14,14,17650.0,1260.71,50411.0,0.3
202406,2303931,Choró,1,1,1200.0,1200.0,12113.0,0.1
202406,2305266,Ibaretama,1,1,1200.0,1200.0,11956.0,0.1
202406,2307635,Madalena,3,3,3600.0,1200.0,16896.0,0.2
202406,2308609,Monsenhor Tabosa,2,2,2400.0,1200.0,17149.0,0.1
202406,2310506,Pedra Branca,2,2,2400.0,1200.0,40187.0,0.0
202406,2311306,Quixadá,7,7,8400.0,1200.0,84168.0,0.1
202406,2311405,Quixeramobim,2,2,2400.0,1200.0,82177.0,0.0
202406,2313203,Tamboril,7,7,8050.0,1150.0,24815.0,0.3
202407,2301851,Banabuiú,1,1,1200.0,1200.0,17195.0,0.1
202407,2302404,Boa Viagem,4,4,4800.0,1200.0,50411.0,0.1
202407,2305266,Ibaretama,1,1,1200.0,1200.0,11956.0,0.1
202407,2307635,Madalena,1,1,1200.0,1200.0,16896.0,0.1
202407,2308609,Monsenhor Tabosa,2,2,2400.0,1200.0,17149.0,0.1
202407,2310506,Pedra Branca,1,1,1200.0,1200.0,40187.0,0.0
202407,2311306,Quixadá,1,1,1200.0,1200.0,84168.0,0.0
202407,2311405,Quixeramobim,1,1,1200.0,1200.0,82177.0,0.0
202407,2313203,Tamboril,2,2,2400.0,1200.0,24815.0,0.1
202408,2301851,Banabuiú,1,1,1200.0,1200.0,17195.0,0.1
202408,2302404,Boa Viagem,1,1,1200.0,1200.0,50411.0,0.0
202408,2311306,Quixadá,1,1,1200.0,1200.0,84168.0,0.0
202408,2313203,Tamboril,1,1,1200.0,1200.0,24815.0,0.0
202409,2302404,Boa Viagem,1,1,1200.0,1200.0,50411.0,0.0
202410,2302404,Boa Viagem,2,2,1700.0,850.0,50411.0,0.0
202410,2310506,Pedra Branca,1,1,1200.0,1200.0,40187.0,0.0
202411,2311306,Quixadá,1,1,1200.0,1200.0,84168.0,0.0
202412,2301851,Banabuiú,1,1,1200.0,1200.0,17195.0,0.1
202412,2310506,Pedra Branca,1,1,1200.0,1200.0,40187.0,0.0
202412,2313203,Tamboril,1,1,1200.0,1200.0,24815.0,0.0
202501,2302404,Boa Viagem,1,1,1200.0,1200.0,50411.0,0.0
202502,2303931,Choró,1,1,850.0,850.0,12113.0,0.1
202503,2305266,Ibaretama,1268,1268,1521600.0,1200.0,11956.0,106.1
202503,2307635,Madalena,1004,1004,1204800.0,1200.0,16896.0,59.4
202503,2311306,Quixadá,1744,1744,2092800.0,1200.0,84168.0,20.7
202503,2313203,Tamboril,1884,1884,2260800.0,1200.0,24815.0,75.9
202504,2302404,Boa Viagem,3,3,2900.0,966.67,50411.0,0.1
202504,2303931,Choró,1,1,1200.0,1200.0,12113.0,0.1
202504,2305266,Ibaretama,91,91,110400.0,1213.19,11956.0,7.6
202504,2307635,Madalena,124,124,150000.0,1209.68,16896.0,7.3
202504,2310506,Pedra Branca,1,1,1200.0,1200.0,40187.0,0.0
202504,2311306,Quixadá,226,226,272050.0,1203.76,84168.0,2.7
202504,2311405,Quixeramobim,4,4,4450.0,1112.5,82177.0,0.0
202504,2313203,Tamboril,265,265,322450.0,1216.79,24815.0,10.7
202505,2305266,Ibaretama,4,4,4800.0,1200.0,11956.0,0.3
202505,2307635,Madalena,6,6,7200.0,1200.0,16896.0,0.4
202505,2311306,Quixadá,27,27,32400.0,1200.0,84168.0,0.3
202505,2313203,Tamboril,7,7,8400.0,1200.0,24815.0,0.3
202506,2305266,Ibaretama,19,19,22800.0,1200.0,11956.0,1.6
202506,2307635,Madalena,26,26,31200.0,1200.0,16896.0,1.5
202506,2311306,Quixadá,51,51,61200.0,1200.0,84168.0,0.6
202506,2313203,Tamboril,22,22,26400.0,1200.0,24815.0,0.9
202508,2303931,Choró,1,1,850.0,850.0,12113.0,0.1
202508,2307635,Madalena,1,1,1200.0,1200.0,16896.0,0.1
202509,2302404,Boa Viagem,1,1,850.0,850.0,50411.0,0.0
202509,2305266,Ibaretama,1,1,1200.0,1200.0,11956.0,0.1
202511,2301851,Banabuiú,1,1,850.0,850.0,17195.0,0.1
202511,2302404,Boa Viagem,2,2,1700.0,850.0,50411.0,0.0
202511,2302800,Canindé,2,2,1700.0,850.0,74174.0,0.0
202511,2303931,Choró,1,1,1200.0,1200.0,12113.0,0.1
202511,2310506,Pedra Branca,1,1,1200.0,1200.0,40187.0,0.0
202511,2311306,Quixadá,1,1,1200.0,1200.0,84168.0,0.0
202511,2313203,Tamboril,2,2,2400.0,1200.0,24815.0,0.1
202603,2301851,Banabuiú,679,679,814100.0,1198.97,17195.0,39.5
202603,2302404,Boa Viagem,3839,3839,4597800.0,1197.66,50411.0,76.2
202603,2302800,Canindé,2676,2676,3207350.0,1198.56,74174.0,36.1
202603,2303931,Choró,1335,1335,1599700.0,1198.28,12113.0,110.2
202603,2305266,Ibaretama,1276,1276,1530150.0,1199.18,11956.0,106.7
202603,2307635,Madalena,1533,1533,1833650.0,1196.12,16896.0,90.7
202603,2308609,Monsenhor Tabosa,1403,1403,1681100.0,1198.22,17149.0,81.8
202603,2310506,Pedra Branca,1987,1987,2378800.0,1197.18,40187.0,49.4
202603,2311306,Quixadá,1895,1895,2270150.0,1197.97,84168.0,22.5
202603,2311405,Quixeramobim,2999,2999,3592400.0,1197.87,82177.0,36.5
202603,2313203,Tamboril,19,19,16150.0,850.0,24815.0,0.8
202604,2303931,Choró,1,1,240.0,240.0,12113.0,0.1
202604,2310506,Pedra Branca,1,1,240.0,240.0,40187.0,0.0
202604,2313203,Tamboril,2458,2458,2949600.0,1200.0,24815.0,99.1
202605,2302404,Boa Viagem,4,4,4800.0,1200.0,50411.0,0.1
202605,2302800,Canindé,10,10,12000.0,1200.0,74174.0,0.1
202605,2303931,Choró,10,10,12000.0,1200.0,12113.0,0.8
202605,2305266,Ibaretama,2,2,2400.0,1200.0,11956.0,0.2
202605,2307635,Madalena,13,13,15600.0,1200.0,16896.0,0.8
202605,2308609,Monsenhor Tabosa,13,13,15600.0,1200.0,17149.0,0.8
202605,2310506,Pedra Branca,4,4,4800.0,1200.0,40187.0,0.1
202605,2311306,Quixadá,3,3,3600.0,1200.0,84168.0,0.0
202605,2311405,Quixeramobim,2,2,2400.0,1200.0,82177.0,0.0
202605,2313203,Tamboril,4,4,4800.0,1200.0,24815.0,0.2
202606,2301851,Banabuiú,1,1,1200.0,1200.0,17195.0,0.1
202606,2303931,Choró,1,1,1200.0,1200.0,12113.0,0.1
202606,2313203,Tamboril,3,3,3600.0,1200.0,24815.0,0.1
202607,2301851,Banabuiú,1,1,1200.0,1200.0,17195.0,0.1
202607,2302800,Canindé,1,1,1200.0,1200.0,74174.0,0.0
202607,2305266,Ibaretama,1,1,1200.0,1200.0,11956.0,0.1
202607,2310506,Pedra Branca,1,1,1200.0,1200.0,40187.0,0.0
202607,2311405,Quixeramobim,1,1,1200.0,1200.0,82177.0,0.0
202607,2313203,Tamboril,1,1,1200.0,1200.0,24815.0,0.0
