municipio,populacao_2025,benef_total_dez2025,benef_previdenciarios_dez2025,benef_assistenciais_dez2025,aposentadorias_dez2025,aposentadorias_idade_dez2025,pensoes_dez2025,valor_total_2025,valor_previdenciario_2025,valor_assistencial_2025,rgps_rural_dez2025,benef_por_1000_hab,previdenciarios_por_1000_hab,pct_aposentadorias_por_idade,pct_rural_previdenciarios,valor_inss_per_capita_2025
Banabuiú,17667.0,3979.0,3421.0,558.0,2561.0,2244.0,708.0,68082604.86,59611006.27,8471598.590000002,2918.0,225.2,193.6,87.6,85.3,3854.0
Boa Viagem,52133.0,17398.0,14402.0,2996.0,10379.0,9491.0,3136.0,299171017.23,252965487.08,46205530.15,12582.0,333.7,276.3,91.4,87.4,5739.0
Canindé,77376.0,26310.0,22137.0,4173.0,16462.0,15151.0,5045.0,448761806.25,384064916.28,64696889.970000006,19005.0,340.0,286.1,92.0,85.9,5800.0
Choró,12352.0,2157.0,1836.0,321.0,1459.0,1372.0,336.0,35270701.02,30417604.31,4853096.71,1768.0,174.6,148.6,94.0,96.3,2855.0
Ibaretama,12149.0,2081.0,1710.0,371.0,1325.0,1233.0,350.0,34272345.37,28759164.24,5513181.13,1556.0,171.3,140.8,93.1,91.0,2821.0
Madalena,17235.0,3340.0,2779.0,561.0,2130.0,1925.0,567.0,57438337.54,48703828.970000006,8734508.57,2363.0,193.8,161.2,90.4,85.0,3333.0
Monsenhor Tabosa,17705.0,4045.0,3483.0,562.0,2634.0,2331.0,747.0,70817603.64,61909114.55,8908489.09,2868.0,228.5,196.7,88.5,82.3,4000.0
Pedra Branca,42227.0,11510.0,10224.0,1286.0,7527.0,6699.0,2294.0,200804514.78,180629155.83,20175358.95,8562.0,272.6,242.1,89.0,83.7,4755.0
Quixadá,88846.0,24611.0,17714.0,6897.0,12198.0,10170.0,4417.0,408773594.56,309522225.32,99251369.24,13137.0,277.0,199.4,83.4,74.2,4601.0
Quixeramobim,86431.0,19107.0,14922.0,4185.0,10538.0,9372.0,3489.0,324814786.82,261085526.77,63729260.05,11973.0,221.1,172.6,88.9,80.2,3758.0
Tamboril,25287.0,7931.0,7011.0,920.0,5249.0,4735.0,1520.0,141057132.32,126799650.86,14257481.46,5900.0,313.6,277.3,90.2,84.2,5578.0
