arquivo,aba,codigo_ibge,municipio,coluna,valor
ben_municipios_clientela_2025.xlsx,Emitidos_2025,2302404,Boa Viagem,População no Município em 2025(2),52133.0
ben_municipios_clientela_2025.xlsx,Emitidos_2025,2302800,Canindé,População no Município em 2025(2),77376.0
ben_municipios_clientela_2025.xlsx,Emitidos_2025,2308609,Monsenhor Tabosa,População no Município em 2025(2),17705.0
ben_municipios_clientela_2025.xlsx,Emitidos_2025,2310506,Pedra Branca,População no Município em 2025(2),42227.0
ben_municipios_clientela_2025.xlsx,Emitidos_2025,2311306,Quixadá,População no Município em 2025(2),88846.0
ben_municipios_clientela_2025.xlsx,Emitidos_2025,2311405,Quixeramobim,População no Município em 2025(2),86431.0
ben_municipios_clientela_2025.xlsx,Emitidos_2025,2313203,Tamboril,População no Município em 2025(2),25287.0
ben_municipios_clientela_2025.xlsx,Emitidos_2025,2301851,Banabuiú,População no Município em 2025(2),17667.0
ben_municipios_clientela_2025.xlsx,Emitidos_2025,2307635,Madalena,População no Município em 2025(2),17235.0
ben_municipios_clientela_2025.xlsx,Emitidos_2025,2305266,Ibaretama,População no Município em 2025(2),12149.0
ben_municipios_clientela_2025.xlsx,Emitidos_2025,2303931,Choró,População no Município em 2025(2),12352.0
ben_municipios_clientela_2025.xlsx,Emitidos_2025,2302404,Boa Viagem,% Benefícios sobre População,27.62549632670286
ben_municipios_clientela_2025.xlsx,Emitidos_2025,2302800,Canindé,% Benefícios sobre População,28.60964640198511
ben_municipios_clientela_2025.xlsx,Emitidos_2025,2308609,Monsenhor Tabosa,% Benefícios sobre População,19.67240892403276
ben_municipios_clientela_2025.xlsx,Emitidos_2025,2310506,Pedra Branca,% Benefícios sobre População,24.211997063490184
ben_municipios_clientela_2025.xlsx,Emitidos_2025,2311306,Quixadá,% Benefícios sobre População,19.937870022285754
ben_municipios_clientela_2025.xlsx,Emitidos_2025,2311405,Quixeramobim,% Benefícios sobre População,17.264638844858904
ben_municipios_clientela_2025.xlsx,Emitidos_2025,2313203,Tamboril,% Benefícios sobre População,27.72570886226124
ben_municipios_clientela_2025.xlsx,Emitidos_2025,2301851,Banabuiú,% Benefícios sobre População,19.363785588951153
ben_municipios_clientela_2025.xlsx,Emitidos_2025,2307635,Madalena,% Benefícios sobre População,16.124165941398317
ben_municipios_clientela_2025.xlsx,Emitidos_2025,2305266,Ibaretama,% Benefícios sobre População,14.075232529426291
ben_municipios_clientela_2025.xlsx,Emitidos_2025,2303931,Choró,% Benefícios sobre População,14.8639896373057
ben_municipios_clientela_2025.xlsx,Emitidos_2025,2302404,Boa Viagem,Quantidade de Benefícios do RGPS Emitidos por Clientela no Mês de Dezembro | Total,14402.0
ben_municipios_clientela_2025.xlsx,Emitidos_2025,2302800,Canindé,Quantidade de Benefícios do RGPS Emitidos por Clientela no Mês de Dezembro | Total,22137.0
ben_municipios_clientela_2025.xlsx,Emitidos_2025,2308609,Monsenhor Tabosa,Quantidade de Benefícios do RGPS Emitidos por Clientela no Mês de Dezembro | Total,3483.0
ben_municipios_clientela_2025.xlsx,Emitidos_2025,2310506,Pedra Branca,Quantidade de Benefícios do RGPS Emitidos por Clientela no Mês de Dezembro | Total,10224.0
ben_municipios_clientela_2025.xlsx,Emitidos_2025,2311306,Quixadá,Quantidade de Benefícios do RGPS Emitidos por Clientela no Mês de Dezembro | Total,17714.0
ben_municipios_clientela_2025.xlsx,Emitidos_2025,2311405,Quixeramobim,Quantidade de Benefícios do RGPS Emitidos por Clientela no Mês de Dezembro | Total,14922.0
ben_municipios_clientela_2025.xlsx,Emitidos_2025,2313203,Tamboril,Quantidade de Benefícios do RGPS Emitidos por Clientela no Mês de Dezembro | Total,7011.0
ben_municipios_clientela_2025.xlsx,Emitidos_2025,2301851,Banabuiú,Quantidade de Benefícios do RGPS Emitidos por Clientela no Mês de Dezembro | Total,3421.0
ben_municipios_clientela_2025.xlsx,Emitidos_2025,2307635,Madalena,Quantidade de Benefícios do RGPS Emitidos por Clientela no Mês de Dezembro | Total,2779.0
ben_municipios_clientela_2025.xlsx,Emitidos_2025,2305266,Ibaretama,Quantidade de Benefícios do RGPS Emitidos por Clientela no Mês de Dezembro | Total,1710.0
ben_municipios_clientela_2025.xlsx,Emitidos_2025,2303931,Choró,Quantidade de Benefícios do RGPS Emitidos por Clientela no Mês de Dezembro | Total,1836.0
ben_municipios_clientela_2025.xlsx,Emitidos_2025,2302404,Boa Viagem,Quantidade de Benefícios do RGPS Emitidos por Clientela no Mês de Dezembro | Urbano,1820.0
ben_municipios_clientela_2025.xlsx,Emitidos_2025,2302800,Canindé,Quantidade de Benefícios do RGPS Emitidos por Clientela no Mês de Dezembro | Urbano,3132.0
ben_municipios_clientela_2025.xlsx,Emitidos_2025,2308609,Monsenhor Tabosa,Quantidade de Benefícios do RGPS Emitidos por Clientela no Mês de Dezembro | Urbano,615.0
ben_municipios_clientela_2025.xlsx,Emitidos_2025,2310506,Pedra Branca,Quantidade de Benefícios do RGPS Emitidos por Clientela no Mês de Dezembro | Urbano,1662.0
ben_municipios_clientela_2025.xlsx,Emitidos_2025,2311306,Quixadá,Quantidade de Benefícios do RGPS Emitidos por Clientela no Mês de Dezembro | Urbano,4577.0
ben_municipios_clientela_2025.xlsx,Emitidos_2025,2311405,Quixeramobim,Quantidade de Benefícios do RGPS Emitidos por Clientela no Mês de Dezembro | Urbano,2949.0
ben_municipios_clientela_2025.xlsx,Emitidos_2025,2313203,Tamboril,Quantidade de Benefícios do RGPS Emitidos por Clientela no Mês de Dezembro | Urbano,1111.0
ben_municipios_clientela_2025.xlsx,Emitidos_2025,2301851,Banabuiú,Quantidade de Benefícios do RGPS Emitidos por Clientela no Mês de Dezembro | Urbano,503.0
ben_municipios_clientela_2025.xlsx,Emitidos_2025,2307635,Madalena,Quantidade de Benefícios do RGPS Emitidos por Clientela no Mês de Dezembro | Urbano,416.0
ben_municipios_clientela_2025.xlsx,Emitidos_2025,2305266,Ibaretama,Quantidade de Benefícios do RGPS Emitidos por Clientela no Mês de Dezembro | Urbano,154.0
ben_municipios_clientela_2025.xlsx,Emitidos_2025,2303931,Choró,Quantidade de Benefícios do RGPS Emitidos por Clientela no Mês de Dezembro | Urbano,68.0
ben_municipios_clientela_2025.xlsx,Emitidos_2025,2302404,Boa Viagem,Quantidade de Benefícios do RGPS Emitidos por Clientela no Mês de Dezembro | Rural,12582.0
ben_municipios_clientela_2025.xlsx,Emitidos_2025,2302800,Canindé,Quantidade de Benefícios do RGPS Emitidos por Clientela no Mês de Dezembro | Rural,19005.0
ben_municipios_clientela_2025.xlsx,Emitidos_2025,2308609,Monsenhor Tabosa,Quantidade de Benefícios do RGPS Emitidos por Clientela no Mês de Dezembro | Rural,2868.0
ben_municipios_clientela_2025.xlsx,Emitidos_2025,2310506,Pedra Branca,Quantidade de Benefícios do RGPS Emitidos por Clientela no Mês de Dezembro | Rural,8562.0
ben_municipios_clientela_2025.xlsx,Emitidos_2025,2311306,Quixadá,Quantidade de Benefícios do RGPS Emitidos por Clientela no Mês de Dezembro | Rural,13137.0
ben_municipios_clientela_2025.xlsx,Emitidos_2025,2311405,Quixeramobim,Quantidade de Benefícios do RGPS Emitidos por Clientela no Mês de Dezembro | Rural,11973.0
ben_municipios_clientela_2025.xlsx,Emitidos_2025,2313203,Tamboril,Quantidade de Benefícios do RGPS Emitidos por Clientela no Mês de Dezembro | Rural,5900.0
ben_municipios_clientela_2025.xlsx,Emitidos_2025,2301851,Banabuiú,Quantidade de Benefícios do RGPS Emitidos por Clientela no Mês de Dezembro | Rural,2918.0
ben_municipios_clientela_2025.xlsx,Emitidos_2025,2307635,Madalena,Quantidade de Benefícios do RGPS Emitidos por Clientela no Mês de Dezembro | Rural,2363.0
ben_municipios_clientela_2025.xlsx,Emitidos_2025,2305266,Ibaretama,Quantidade de Benefícios do RGPS Emitidos por Clientela no Mês de Dezembro | Rural,1556.0
ben_municipios_clientela_2025.xlsx,Emitidos_2025,2303931,Choró,Quantidade de Benefícios do RGPS Emitidos por Clientela no Mês de Dezembro | Rural,1768.0
ben_municipios_clientela_2025.xlsx,Emitidos_2025,2302404,Boa Viagem,Valor dos Benefícios do RGPS Emitidos por Clientela no Mês de Dezembro (em R$) | Total,19361828.81
ben_municipios_clientela_2025.xlsx,Emitidos_2025,2302800,Canindé,Valor dos Benefícios do RGPS Emitidos por Clientela no Mês de Dezembro (em R$) | Total,29342131.12
ben_municipios_clientela_2025.xlsx,Emitidos_2025,2308609,Monsenhor Tabosa,Valor dos Benefícios do RGPS Emitidos por Clientela no Mês de Dezembro (em R$) | Total,4837845.07
ben_municipios_clientela_2025.xlsx,Emitidos_2025,2310506,Pedra Branca,Valor dos Benefícios do RGPS Emitidos por Clientela no Mês de Dezembro (em R$) | Total,13959946.23
ben_municipios_clientela_2025.xlsx,Emitidos_2025,2311306,Quixadá,Valor dos Benefícios do RGPS Emitidos por Clientela no Mês de Dezembro (em R$) | Total,23593565.14
ben_municipios_clientela_2025.xlsx,Emitidos_2025,2311405,Quixeramobim,Valor dos Benefícios do RGPS Emitidos por Clientela no Mês de Dezembro (em R$) | Total,20023005.14
ben_municipios_clientela_2025.xlsx,Emitidos_2025,2313203,Tamboril,Valor dos Benefícios do RGPS Emitidos por Clientela no Mês de Dezembro (em R$) | Total,9509556.68
ben_municipios_clientela_2025.xlsx,Emitidos_2025,2301851,Banabuiú,Valor dos Benefícios do RGPS Emitidos por Clientela no Mês de Dezembro (em R$) | Total,4558604.23
ben_municipios_clientela_2025.xlsx,Emitidos_2025,2307635,Madalena,Valor dos Benefícios do RGPS Emitidos por Clientela no Mês de Dezembro (em R$) | Total,3720701.62
ben_municipios_clientela_2025.xlsx,Emitidos_2025,2305266,Ibaretama,Valor dos Benefícios do RGPS Emitidos por Clientela no Mês de Dezembro (em R$) | Total,2156151.65
ben_municipios_clientela_2025.xlsx,Emitidos_2025,2303931,Choró,Valor dos Benefícios do RGPS Emitidos por Clientela no Mês de Dezembro (em R$) | Total,2330922.87
ben_municipios_clientela_2025.xlsx,Emitidos_2025,2302404,Boa Viagem,Valor dos Benefícios do RGPS Emitidos por Clientela no Mês de Dezembro (em R$) | Urbano,2995896.03
ben_municipios_clientela_2025.xlsx,Emitidos_2025,2302800,Canindé,Valor dos Benefícios do RGPS Emitidos por Clientela no Mês de Dezembro (em R$) | Urbano,4844892.33
ben_municipios_clientela_2025.xlsx,Emitidos_2025,2308609,Monsenhor Tabosa,Valor dos Benefícios do RGPS Emitidos por Clientela no Mês de Dezembro (em R$) | Urbano,947858.42
ben_municipios_clientela_2025.xlsx,Emitidos_2025,2310506,Pedra Branca,Valor dos Benefícios do RGPS Emitidos por Clientela no Mês de Dezembro (em R$) | Urbano,2561261.89
ben_municipios_clientela_2025.xlsx,Emitidos_2025,2311306,Quixadá,Valor dos Benefícios do RGPS Emitidos por Clientela no Mês de Dezembro (em R$) | Urbano,7298414.22
ben_municipios_clientela_2025.xlsx,Emitidos_2025,2311405,Quixeramobim,Valor dos Benefícios do RGPS Emitidos por Clientela no Mês de Dezembro (em R$) | Urbano,4638410.26
ben_municipios_clientela_2025.xlsx,Emitidos_2025,2313203,Tamboril,Valor dos Benefícios do RGPS Emitidos por Clientela no Mês de Dezembro (em R$) | Urbano,1717643.72
ben_municipios_clientela_2025.xlsx,Emitidos_2025,2301851,Banabuiú,Valor dos Benefícios do RGPS Emitidos por Clientela no Mês de Dezembro (em R$) | Urbano,851122.05
ben_municipios_clientela_2025.xlsx,Emitidos_2025,2307635,Madalena,Valor dos Benefícios do RGPS Emitidos por Clientela no Mês de Dezembro (em R$) | Urbano,642973.63
ben_municipios_clientela_2025.xlsx,Emitidos_2025,2305266,Ibaretama,Valor dos Benefícios do RGPS Emitidos por Clientela no Mês de Dezembro (em R$) | Urbano,202898.23
ben_municipios_clientela_2025.xlsx,Emitidos_2025,2303931,Choró,Valor dos Benefícios do RGPS Emitidos por Clientela no Mês de Dezembro (em R$) | Urbano,98548.39
ben_municipios_clientela_2025.xlsx,Emitidos_2025,2302404,Boa Viagem,Valor dos Benefícios do RGPS Emitidos por Clientela no Mês de Dezembro (em R$) | Rural,16365932.78
ben_municipios_clientela_2025.xlsx,Emitidos_2025,2302800,Canindé,Valor dos Benefícios do RGPS Emitidos por Clientela no Mês de Dezembro (em R$) | Rural,24497238.79
ben_municipios_clientela_2025.xlsx,Emitidos_2025,2308609,Monsenhor Tabosa,Valor dos Benefícios do RGPS Emitidos por Clientela no Mês de Dezembro (em R$) | Rural,3889986.65
ben_municipios_clientela_2025.xlsx,Emitidos_2025,2310506,Pedra Branca,Valor dos Benefícios do RGPS Emitidos por Clientela no Mês de Dezembro (em R$) | Rural,11398684.34
ben_municipios_clientela_2025.xlsx,Emitidos_2025,2311306,Quixadá,Valor dos Benefícios do RGPS Emitidos por Clientela no Mês de Dezembro (em R$) | Rural,16295150.92
ben_municipios_clientela_2025.xlsx,Emitidos_2025,2311405,Quixeramobim,Valor dos Benefícios do RGPS Emitidos por Clientela no Mês de Dezembro (em R$) | Rural,15384594.88
ben_municipios_clientela_2025.xlsx,Emitidos_2025,2313203,Tamboril,Valor dos Benefícios do RGPS Emitidos por Clientela no Mês de Dezembro (em R$) | Rural,7791912.96
ben_municipios_clientela_2025.xlsx,Emitidos_2025,2301851,Banabuiú,Valor dos Benefícios do RGPS Emitidos por Clientela no Mês de Dezembro (em R$) | Rural,3707482.18
ben_municipios_clientela_2025.xlsx,Emitidos_2025,2307635,Madalena,Valor dos Benefícios do RGPS Emitidos por Clientela no Mês de Dezembro (em R$) | Rural,3077727.99
ben_municipios_clientela_2025.xlsx,Emitidos_2025,2305266,Ibaretama,Valor dos Benefícios do RGPS Emitidos por Clientela no Mês de Dezembro (em R$) | Rural,1953253.42
ben_municipios_clientela_2025.xlsx,Emitidos_2025,2303931,Choró,Valor dos Benefícios do RGPS Emitidos por Clientela no Mês de Dezembro (em R$) | Rural,2232374.48
ben_municipios_clientela_2025.xlsx,Emitidos_2025,2302404,Boa Viagem,"Valor dos Benefícios do RGPS Emitidos por Clientela no Ano
(em R$) | Total",252965487.08
ben_municipios_clientela_2025.xlsx,Emitidos_2025,2302800,Canindé,"Valor dos Benefícios do RGPS Emitidos por Clientela no Ano
(em R$) | Total",384064916.28
ben_municipios_clientela_2025.xlsx,Emitidos_2025,2308609,Monsenhor Tabosa,"Valor dos Benefícios do RGPS Emitidos por Clientela no Ano
(em R$) | Total",61909114.55
ben_municipios_clientela_2025.xlsx,Emitidos_2025,2310506,Pedra Branca,"Valor dos Benefícios do RGPS Emitidos por Clientela no Ano
(em R$) | Total",180629155.83
ben_municipios_clientela_2025.xlsx,Emitidos_2025,2311306,Quixadá,"Valor dos Benefícios do RGPS Emitidos por Clientela no Ano
(em R$) | Total",309522225.32
ben_municipios_clientela_2025.xlsx,Emitidos_2025,2311405,Quixeramobim,"Valor dos Benefícios do RGPS Emitidos por Clientela no Ano
(em R$) | Total",261085526.77
ben_municipios_clientela_2025.xlsx,Emitidos_2025,2313203,Tamboril,"Valor dos Benefícios do RGPS Emitidos por Clientela no Ano
(em R$) | Total",126799650.86000001
ben_municipios_clientela_2025.xlsx,Emitidos_2025,2301851,Banabuiú,"Valor dos Benefícios do RGPS Emitidos por Clientela no Ano
(em R$) | Total",59611006.269999996
ben_municipios_clientela_2025.xlsx,Emitidos_2025,2307635,Madalena,"Valor dos Benefícios do RGPS Emitidos por Clientela no Ano
(em R$) | Total",48703828.97
ben_municipios_clientela_2025.xlsx,Emitidos_2025,2305266,Ibaretama,"Valor dos Benefícios do RGPS Emitidos por Clientela no Ano
(em R$) | Total",28759164.24
ben_municipios_clientela_2025.xlsx,Emitidos_2025,2303931,Choró,"Valor dos Benefícios do RGPS Emitidos por Clientela no Ano
(em R$) | Total",30417604.310000002
ben_municipios_clientela_2025.xlsx,Emitidos_2025,2302404,Boa Viagem,"Valor dos Benefícios do RGPS Emitidos por Clientela no Ano
(em R$) | Urbano",38852857.02
ben_municipios_clientela_2025.xlsx,Emitidos_2025,2302800,Canindé,"Valor dos Benefícios do RGPS Emitidos por Clientela no Ano
(em R$) | Urbano",62363165.78
ben_municipios_clientela_2025.xlsx,Emitidos_2025,2308609,Monsenhor Tabosa,"Valor dos Benefícios do RGPS Emitidos por Clientela no Ano
(em R$) | Urbano",12370447.02
ben_municipios_clientela_2025.xlsx,Emitidos_2025,2310506,Pedra Branca,"Valor dos Benefícios do RGPS Emitidos por Clientela no Ano
(em R$) | Urbano",32371892.21
ben_municipios_clientela_2025.xlsx,Emitidos_2025,2311306,Quixadá,"Valor dos Benefícios do RGPS Emitidos por Clientela no Ano
(em R$) | Urbano",95233138.58
ben_municipios_clientela_2025.xlsx,Emitidos_2025,2311405,Quixeramobim,"Valor dos Benefícios do RGPS Emitidos por Clientela no Ano
(em R$) | Urbano",59303235.0
ben_municipios_clientela_2025.xlsx,Emitidos_2025,2313203,Tamboril,"Valor dos Benefícios do RGPS Emitidos por Clientela no Ano
(em R$) | Urbano",22392437.68
ben_municipios_clientela_2025.xlsx,Emitidos_2025,2301851,Banabuiú,"Valor dos Benefícios do RGPS Emitidos por Clientela no Ano
(em R$) | Urbano",11105897.51
ben_municipios_clientela_2025.xlsx,Emitidos_2025,2307635,Madalena,"Valor dos Benefícios do RGPS Emitidos por Clientela no Ano
(em R$) | Urbano",8232473.76
ben_municipios_clientela_2025.xlsx,Emitidos_2025,2305266,Ibaretama,"Valor dos Benefícios do RGPS Emitidos por Clientela no Ano
(em R$) | Urbano",2733231.81
ben_municipios_clientela_2025.xlsx,Emitidos_2025,2303931,Choró,"Valor dos Benefícios do RGPS Emitidos por Clientela no Ano
(em R$) | Urbano",1007754.44
ben_municipios_clientela_2025.xlsx,Emitidos_2025,2302404,Boa Viagem,"Valor dos Benefícios do RGPS Emitidos por Clientela no Ano
(em R$) | Rural",214112630.06
ben_municipios_clientela_2025.xlsx,Emitidos_2025,2302800,Canindé,"Valor dos Benefícios do RGPS Emitidos por Clientela no Ano
(em R$) | Rural",321701750.5
ben_municipios_clientela_2025.xlsx,Emitidos_2025,2308609,Monsenhor Tabosa,"Valor dos Benefícios do RGPS Emitidos por Clientela no Ano
(em R$) | Rural",49538667.53
ben_municipios_clientela_2025.xlsx,Emitidos_2025,2310506,Pedra Branca,"Valor dos Benefícios do RGPS Emitidos por Clientela no Ano
(em R$) | Rural",148257263.62
ben_municipios_clientela_2025.xlsx,Emitidos_2025,2311306,Quixadá,"Valor dos Benefícios do RGPS Emitidos por Clientela no Ano
(em R$) | Rural",214289086.74
ben_municipios_clientela_2025.xlsx,Emitidos_2025,2311405,Quixeramobim,"Valor dos Benefícios do RGPS Emitidos por Clientela no Ano
(em R$) | Rural",201782291.77
ben_municipios_clientela_2025.xlsx,Emitidos_2025,2313203,Tamboril,"Valor dos Benefícios do RGPS Emitidos por Clientela no Ano
(em R$) | Rural",104407213.18
ben_municipios_clientela_2025.xlsx,Emitidos_2025,2301851,Banabuiú,"Valor dos Benefícios do RGPS Emitidos por Clientela no Ano
(em R$) | Rural",48505108.76
ben_municipios_clientela_2025.xlsx,Emitidos_2025,2307635,Madalena,"Valor dos Benefícios do RGPS Emitidos por Clientela no Ano
(em R$) | Rural",40471355.21
ben_municipios_clientela_2025.xlsx,Emitidos_2025,2305266,Ibaretama,"Valor dos Benefícios do RGPS Emitidos por Clientela no Ano
(em R$) | Rural",26025932.43
ben_municipios_clientela_2025.xlsx,Emitidos_2025,2303931,Choró,"Valor dos Benefícios do RGPS Emitidos por Clientela no Ano
(em R$) | Rural",29409849.87
ben_municipios_especie_2025.xlsx,Qtd_dez2025,2302404,Boa Viagem,Benefícios do Regime Geral de Previdência Social | Aposentadorias | Total de Aposentadorias,10379.0
ben_municipios_especie_2025.xlsx,Qtd_dez2025,2302800,Canindé,Benefícios do Regime Geral de Previdência Social | Aposentadorias | Total de Aposentadorias,16462.0
ben_municipios_especie_2025.xlsx,Qtd_dez2025,2308609,Monsenhor Tabosa,Benefícios do Regime Geral de Previdência Social | Aposentadorias | Total de Aposentadorias,2634.0
ben_municipios_especie_2025.xlsx,Qtd_dez2025,2310506,Pedra Branca,Benefícios do Regime Geral de Previdência Social | Aposentadorias | Total de Aposentadorias,7527.0
ben_municipios_especie_2025.xlsx,Qtd_dez2025,2311306,Quixadá,Benefícios do Regime Geral de Previdência Social | Aposentadorias | Total de Aposentadorias,12198.0
ben_municipios_especie_2025.xlsx,Qtd_dez2025,2311405,Quixeramobim,Benefícios do Regime Geral de Previdência Social | Aposentadorias | Total de Aposentadorias,10538.0
ben_municipios_especie_2025.xlsx,Qtd_dez2025,2313203,Tamboril,Benefícios do Regime Geral de Previdência Social | Aposentadorias | Total de Aposentadorias,5249.0
ben_municipios_especie_2025.xlsx,Qtd_dez2025,2301851,Banabuiú,Benefícios do Regime Geral de Previdência Social | Aposentadorias | Total de Aposentadorias,2561.0
ben_municipios_especie_2025.xlsx,Qtd_dez2025,2307635,Madalena,Benefícios do Regime Geral de Previdência Social | Aposentadorias | Total de Aposentadorias,2130.0
ben_municipios_especie_2025.xlsx,Qtd_dez2025,2305266,Ibaretama,Benefícios do Regime Geral de Previdência Social | Aposentadorias | Total de Aposentadorias,1325.0
ben_municipios_especie_2025.xlsx,Qtd_dez2025,2303931,Choró,Benefícios do Regime Geral de Previdência Social | Aposentadorias | Total de Aposentadorias,1459.0
ben_municipios_especie_2025.xlsx,Qtd_dez2025,2302404,Boa Viagem,Benefícios do Regime Geral de Previdência Social | Aposentadorias | Aposentadorias por idade,9491.0
ben_municipios_especie_2025.xlsx,Qtd_dez2025,2302800,Canindé,Benefícios do Regime Geral de Previdência Social | Aposentadorias | Aposentadorias por idade,15151.0
ben_municipios_especie_2025.xlsx,Qtd_dez2025,2308609,Monsenhor Tabosa,Benefícios do Regime Geral de Previdência Social | Aposentadorias | Aposentadorias por idade,2331.0
ben_municipios_especie_2025.xlsx,Qtd_dez2025,2310506,Pedra Branca,Benefícios do Regime Geral de Previdência Social | Aposentadorias | Aposentadorias por idade,6699.0
ben_municipios_especie_2025.xlsx,Qtd_dez2025,2311306,Quixadá,Benefícios do Regime Geral de Previdência Social | Aposentadorias | Aposentadorias por idade,10170.0
ben_municipios_especie_2025.xlsx,Qtd_dez2025,2311405,Quixeramobim,Benefícios do Regime Geral de Previdência Social | Aposentadorias | Aposentadorias por idade,9372.0
ben_municipios_especie_2025.xlsx,Qtd_dez2025,2313203,Tamboril,Benefícios do Regime Geral de Previdência Social | Aposentadorias | Aposentadorias por idade,4735.0
ben_municipios_especie_2025.xlsx,Qtd_dez2025,2301851,Banabuiú,Benefícios do Regime Geral de Previdência Social | Aposentadorias | Aposentadorias por idade,2244.0
ben_municipios_especie_2025.xlsx,Qtd_dez2025,2307635,Madalena,Benefícios do Regime Geral de Previdência Social | Aposentadorias | Aposentadorias por idade,1925.0
ben_municipios_especie_2025.xlsx,Qtd_dez2025,2305266,Ibaretama,Benefícios do Regime Geral de Previdência Social | Aposentadorias | Aposentadorias por idade,1233.0
ben_municipios_especie_2025.xlsx,Qtd_dez2025,2303931,Choró,Benefícios do Regime Geral de Previdência Social | Aposentadorias | Aposentadorias por idade,1372.0
ben_municipios_especie_2025.xlsx,Qtd_dez2025,2302404,Boa Viagem,Benefícios do Regime Geral de Previdência Social | Aposentadorias | Aposentadorias por invalidez,674.0
ben_municipios_especie_2025.xlsx,Qtd_dez2025,2302800,Canindé,Benefícios do Regime Geral de Previdência Social | Aposentadorias | Aposentadorias por invalidez,835.0
ben_municipios_especie_2025.xlsx,Qtd_dez2025,2308609,Monsenhor Tabosa,Benefícios do Regime Geral de Previdência Social | Aposentadorias | Aposentadorias por invalidez,114.0
ben_municipios_especie_2025.xlsx,Qtd_dez2025,2310506,Pedra Branca,Benefícios do Regime Geral de Previdência Social | Aposentadorias | Aposentadorias por invalidez,403.0
ben_municipios_especie_2025.xlsx,Qtd_dez2025,2311306,Quixadá,Benefícios do Regime Geral de Previdência Social | Aposentadorias | Aposentadorias por invalidez,1447.0
ben_municipios_especie_2025.xlsx,Qtd_dez2025,2311405,Quixeramobim,Benefícios do Regime Geral de Previdência Social | Aposentadorias | Aposentadorias por invalidez,808.0
ben_municipios_especie_2025.xlsx,Qtd_dez2025,2313203,Tamboril,Benefícios do Regime Geral de Previdência Social | Aposentadorias | Aposentadorias por invalidez,243.0
ben_municipios_especie_2025.xlsx,Qtd_dez2025,2301851,Banabuiú,Benefícios do Regime Geral de Previdência Social | Aposentadorias | Aposentadorias por invalidez,188.0
ben_municipios_especie_2025.xlsx,Qtd_dez2025,2307635,Madalena,Benefícios do Regime Geral de Previdência Social | Aposentadorias | Aposentadorias por invalidez,111.0
ben_municipios_especie_2025.xlsx,Qtd_dez2025,2305266,Ibaretama,Benefícios do Regime Geral de Previdência Social | Aposentadorias | Aposentadorias por invalidez,62.0
ben_municipios_especie_2025.xlsx,Qtd_dez2025,2303931,Choró,Benefícios do Regime Geral de Previdência Social | Aposentadorias | Aposentadorias por invalidez,78.0
ben_municipios_especie_2025.xlsx,Qtd_dez2025,2302404,Boa Viagem,Benefícios do Regime Geral de Previdência Social | Aposentadorias | Aposentadorias por tempo de contribuição,214.0
ben_municipios_especie_2025.xlsx,Qtd_dez2025,2302800,Canindé,Benefícios do Regime Geral de Previdência Social | Aposentadorias | Aposentadorias por tempo de contribuição,476.0
ben_municipios_especie_2025.xlsx,Qtd_dez2025,2308609,Monsenhor Tabosa,Benefícios do Regime Geral de Previdência Social | Aposentadorias | Aposentadorias por tempo de contribuição,189.0
ben_municipios_especie_2025.xlsx,Qtd_dez2025,2310506,Pedra Branca,Benefícios do Regime Geral de Previdência Social | Aposentadorias | Aposentadorias por tempo de contribuição,425.0
ben_municipios_especie_2025.xlsx,Qtd_dez2025,2311306,Quixadá,Benefícios do Regime Geral de Previdência Social | Aposentadorias | Aposentadorias por tempo de contribuição,581.0
ben_municipios_especie_2025.xlsx,Qtd_dez2025,2311405,Quixeramobim,Benefícios do Regime Geral de Previdência Social | Aposentadorias | Aposentadorias por tempo de contribuição,358.0
ben_municipios_especie_2025.xlsx,Qtd_dez2025,2313203,Tamboril,Benefícios do Regime Geral de Previdência Social | Aposentadorias | Aposentadorias por tempo de contribuição,271.0
ben_municipios_especie_2025.xlsx,Qtd_dez2025,2301851,Banabuiú,Benefícios do Regime Geral de Previdência Social | Aposentadorias | Aposentadorias por tempo de contribuição,129.0
ben_municipios_especie_2025.xlsx,Qtd_dez2025,2307635,Madalena,Benefícios do Regime Geral de Previdência Social | Aposentadorias | Aposentadorias por tempo de contribuição,94.0
ben_municipios_especie_2025.xlsx,Qtd_dez2025,2305266,Ibaretama,Benefícios do Regime Geral de Previdência Social | Aposentadorias | Aposentadorias por tempo de contribuição,30.0
ben_municipios_especie_2025.xlsx,Qtd_dez2025,2303931,Choró,Benefícios do Regime Geral de Previdência Social | Aposentadorias | Aposentadorias por tempo de contribuição,9.0
ben_municipios_especie_2025.xlsx,Qtd_dez2025,2302404,Boa Viagem,Benefícios do Regime Geral de Previdência Social | Pensões por morte,3136.0
ben_municipios_especie_2025.xlsx,Qtd_dez2025,2302800,Canindé,Benefícios do Regime Geral de Previdência Social | Pensões por morte,5045.0
ben_municipios_especie_2025.xlsx,Qtd_dez2025,2308609,Monsenhor Tabosa,Benefícios do Regime Geral de Previdência Social | Pensões por morte,747.0
ben_municipios_especie_2025.xlsx,Qtd_dez2025,2310506,Pedra Branca,Benefícios do Regime Geral de Previdência Social | Pensões por morte,2294.0
ben_municipios_especie_2025.xlsx,Qtd_dez2025,2311306,Quixadá,Benefícios do Regime Geral de Previdência Social | Pensões por morte,4417.0
ben_municipios_especie_2025.xlsx,Qtd_dez2025,2311405,Quixeramobim,Benefícios do Regime Geral de Previdência Social | Pensões por morte,3489.0
ben_municipios_especie_2025.xlsx,Qtd_dez2025,2313203,Tamboril,Benefícios do Regime Geral de Previdência Social | Pensões por morte,1520.0
ben_municipios_especie_2025.xlsx,Qtd_dez2025,2301851,Banabuiú,Benefícios do Regime Geral de Previdência Social | Pensões por morte,708.0
ben_municipios_especie_2025.xlsx,Qtd_dez2025,2307635,Madalena,Benefícios do Regime Geral de Previdência Social | Pensões por morte,567.0
ben_municipios_especie_2025.xlsx,Qtd_dez2025,2305266,Ibaretama,Benefícios do Regime Geral de Previdência Social | Pensões por morte,350.0
ben_municipios_especie_2025.xlsx,Qtd_dez2025,2303931,Choró,Benefícios do Regime Geral de Previdência Social | Pensões por morte,336.0
ben_municipios_especie_2025.xlsx,Qtd_dez2025,2302404,Boa Viagem,Benefícios do Regime Geral de Previdência Social | Auxílios,818.0
ben_municipios_especie_2025.xlsx,Qtd_dez2025,2302800,Canindé,Benefícios do Regime Geral de Previdência Social | Auxílios,539.0
ben_municipios_especie_2025.xlsx,Qtd_dez2025,2308609,Monsenhor Tabosa,Benefícios do Regime Geral de Previdência Social | Auxílios,85.0
ben_municipios_especie_2025.xlsx,Qtd_dez2025,2310506,Pedra Branca,Benefícios do Regime Geral de Previdência Social | Auxílios,354.0
ben_municipios_especie_2025.xlsx,Qtd_dez2025,2311306,Quixadá,Benefícios do Regime Geral de Previdência Social | Auxílios,998.0
ben_municipios_especie_2025.xlsx,Qtd_dez2025,2311405,Quixeramobim,Benefícios do Regime Geral de Previdência Social | Auxílios,760.0
ben_municipios_especie_2025.xlsx,Qtd_dez2025,2313203,Tamboril,Benefícios do Regime Geral de Previdência Social | Auxílios,217.0
ben_municipios_especie_2025.xlsx,Qtd_dez2025,2301851,Banabuiú,Benefícios do Regime Geral de Previdência Social | Auxílios,141.0
ben_municipios_especie_2025.xlsx,Qtd_dez2025,2307635,Madalena,Benefícios do Regime Geral de Previdência Social | Auxílios,73.0
ben_municipios_especie_2025.xlsx,Qtd_dez2025,2305266,Ibaretama,Benefícios do Regime Geral de Previdência Social | Auxílios,31.0
ben_municipios_especie_2025.xlsx,Qtd_dez2025,2303931,Choró,Benefícios do Regime Geral de Previdência Social | Auxílios,37.0
ben_municipios_especie_2025.xlsx,Qtd_dez2025,2302404,Boa Viagem,Benefícios do Regime Geral de Previdência Social | Outros benefícios previdenciários,69.0
ben_municipios_especie_2025.xlsx,Qtd_dez2025,2302800,Canindé,Benefícios do Regime Geral de Previdência Social | Outros benefícios previdenciários,91.0
ben_municipios_especie_2025.xlsx,Qtd_dez2025,2308609,Monsenhor Tabosa,Benefícios do Regime Geral de Previdência Social | Outros benefícios previdenciários,17.0
ben_municipios_especie_2025.xlsx,Qtd_dez2025,2310506,Pedra Branca,Benefícios do Regime Geral de Previdência Social | Outros benefícios previdenciários,49.0
ben_municipios_especie_2025.xlsx,Qtd_dez2025,2311306,Quixadá,Benefícios do Regime Geral de Previdência Social | Outros benefícios previdenciários,101.0
ben_municipios_especie_2025.xlsx,Qtd_dez2025,2311405,Quixeramobim,Benefícios do Regime Geral de Previdência Social | Outros benefícios previdenciários,135.0
ben_municipios_especie_2025.xlsx,Qtd_dez2025,2313203,Tamboril,Benefícios do Regime Geral de Previdência Social | Outros benefícios previdenciários,25.0
ben_municipios_especie_2025.xlsx,Qtd_dez2025,2301851,Banabuiú,Benefícios do Regime Geral de Previdência Social | Outros benefícios previdenciários,11.0
ben_municipios_especie_2025.xlsx,Qtd_dez2025,2307635,Madalena,Benefícios do Regime Geral de Previdência Social | Outros benefícios previdenciários,9.0
ben_municipios_especie_2025.xlsx,Qtd_dez2025,2305266,Ibaretama,Benefícios do Regime Geral de Previdência Social | Outros benefícios previdenciários,4.0
ben_municipios_especie_2025.xlsx,Qtd_dez2025,2303931,Choró,Benefícios do Regime Geral de Previdência Social | Outros benefícios previdenciários,4.0
ben_municipios_especie_2025.xlsx,Qtd_dez2025,2302404,Boa Viagem,Benefícios do Regime Geral de Previdência Social | Total de benefícios previdenciários,14402.0
ben_municipios_especie_2025.xlsx,Qtd_dez2025,2302800,Canindé,Benefícios do Regime Geral de Previdência Social | Total de benefícios previdenciários,22137.0
ben_municipios_especie_2025.xlsx,Qtd_dez2025,2308609,Monsenhor Tabosa,Benefícios do Regime Geral de Previdência Social | Total de benefícios previdenciários,3483.0
ben_municipios_especie_2025.xlsx,Qtd_dez2025,2310506,Pedra Branca,Benefícios do Regime Geral de Previdência Social | Total de benefícios previdenciários,10224.0
ben_municipios_especie_2025.xlsx,Qtd_dez2025,2311306,Quixadá,Benefícios do Regime Geral de Previdência Social | Total de benefícios previdenciários,17714.0
ben_municipios_especie_2025.xlsx,Qtd_dez2025,2311405,Quixeramobim,Benefícios do Regime Geral de Previdência Social | Total de benefícios previdenciários,14922.0
ben_municipios_especie_2025.xlsx,Qtd_dez2025,2313203,Tamboril,Benefícios do Regime Geral de Previdência Social | Total de benefícios previdenciários,7011.0
ben_municipios_especie_2025.xlsx,Qtd_dez2025,2301851,Banabuiú,Benefícios do Regime Geral de Previdência Social | Total de benefícios previdenciários,3421.0
ben_municipios_especie_2025.xlsx,Qtd_dez2025,2307635,Madalena,Benefícios do Regime Geral de Previdência Social | Total de benefícios previdenciários,2779.0
ben_municipios_especie_2025.xlsx,Qtd_dez2025,2305266,Ibaretama,Benefícios do Regime Geral de Previdência Social | Total de benefícios previdenciários,1710.0
ben_municipios_especie_2025.xlsx,Qtd_dez2025,2303931,Choró,Benefícios do Regime Geral de Previdência Social | Total de benefícios previdenciários,1836.0
ben_municipios_especie_2025.xlsx,Qtd_dez2025,2302404,Boa Viagem,Benefícios assistenciais e de legislação específica,2996.0
ben_municipios_especie_2025.xlsx,Qtd_dez2025,2302800,Canindé,Benefícios assistenciais e de legislação específica,4173.0
ben_municipios_especie_2025.xlsx,Qtd_dez2025,2308609,Monsenhor Tabosa,Benefícios assistenciais e de legislação específica,562.0
ben_municipios_especie_2025.xlsx,Qtd_dez2025,2310506,Pedra Branca,Benefícios assistenciais e de legislação específica,1286.0
ben_municipios_especie_2025.xlsx,Qtd_dez2025,2311306,Quixadá,Benefícios assistenciais e de legislação específica,6897.0
ben_municipios_especie_2025.xlsx,Qtd_dez2025,2311405,Quixeramobim,Benefícios assistenciais e de legislação específica,4185.0
ben_municipios_especie_2025.xlsx,Qtd_dez2025,2313203,Tamboril,Benefícios assistenciais e de legislação específica,920.0
ben_municipios_especie_2025.xlsx,Qtd_dez2025,2301851,Banabuiú,Benefícios assistenciais e de legislação específica,558.0
ben_municipios_especie_2025.xlsx,Qtd_dez2025,2307635,Madalena,Benefícios assistenciais e de legislação específica,561.0
ben_municipios_especie_2025.xlsx,Qtd_dez2025,2305266,Ibaretama,Benefícios assistenciais e de legislação específica,371.0
ben_municipios_especie_2025.xlsx,Qtd_dez2025,2303931,Choró,Benefícios assistenciais e de legislação específica,321.0
ben_municipios_especie_2025.xlsx,Qtd_dez2025,2302404,Boa Viagem,Total,17398.0
ben_municipios_especie_2025.xlsx,Qtd_dez2025,2302800,Canindé,Total,26310.0
ben_municipios_especie_2025.xlsx,Qtd_dez2025,2308609,Monsenhor Tabosa,Total,4045.0
ben_municipios_especie_2025.xlsx,Qtd_dez2025,2310506,Pedra Branca,Total,11510.0
ben_municipios_especie_2025.xlsx,Qtd_dez2025,2311306,Quixadá,Total,24611.0
ben_municipios_especie_2025.xlsx,Qtd_dez2025,2311405,Quixeramobim,Total,19107.0
ben_municipios_especie_2025.xlsx,Qtd_dez2025,2313203,Tamboril,Total,7931.0
ben_municipios_especie_2025.xlsx,Qtd_dez2025,2301851,Banabuiú,Total,3979.0
ben_municipios_especie_2025.xlsx,Qtd_dez2025,2307635,Madalena,Total,3340.0
ben_municipios_especie_2025.xlsx,Qtd_dez2025,2305266,Ibaretama,Total,2081.0
ben_municipios_especie_2025.xlsx,Qtd_dez2025,2303931,Choró,Total,2157.0
ben_municipios_especie_2025.xlsx,Qtd_dez2025,2302404,Boa Viagem,População no Município,52133.0
ben_municipios_especie_2025.xlsx,Qtd_dez2025,2302800,Canindé,População no Município,77376.0
ben_municipios_especie_2025.xlsx,Qtd_dez2025,2308609,Monsenhor Tabosa,População no Município,17705.0
ben_municipios_especie_2025.xlsx,Qtd_dez2025,2310506,Pedra Branca,População no Município,42227.0
ben_municipios_especie_2025.xlsx,Qtd_dez2025,2311306,Quixadá,População no Município,88846.0
ben_municipios_especie_2025.xlsx,Qtd_dez2025,2311405,Quixeramobim,População no Município,86431.0
ben_municipios_especie_2025.xlsx,Qtd_dez2025,2313203,Tamboril,População no Município,25287.0
ben_municipios_especie_2025.xlsx,Qtd_dez2025,2301851,Banabuiú,População no Município,17667.0
ben_municipios_especie_2025.xlsx,Qtd_dez2025,2307635,Madalena,População no Município,17235.0
ben_municipios_especie_2025.xlsx,Qtd_dez2025,2305266,Ibaretama,População no Município,12149.0
ben_municipios_especie_2025.xlsx,Qtd_dez2025,2303931,Choró,População no Município,12352.0
ben_municipios_especie_2025.xlsx,Valor_R$_dez25,2302404,Boa Viagem,Benefícios do Regime Geral de Previdência Social | Aposentadorias | Total de Aposentadorias,14004681.930000002
ben_municipios_especie_2025.xlsx,Valor_R$_dez25,2302800,Canindé,Benefícios do Regime Geral de Previdência Social | Aposentadorias | Total de Aposentadorias,21815608.520000003
ben_municipios_especie_2025.xlsx,Valor_R$_dez25,2308609,Monsenhor Tabosa,Benefícios do Regime Geral de Previdência Social | Aposentadorias | Total de Aposentadorias,3636666.44
ben_municipios_especie_2025.xlsx,Valor_R$_dez25,2310506,Pedra Branca,Benefícios do Regime Geral de Previdência Social | Aposentadorias | Total de Aposentadorias,10303914.66
ben_municipios_especie_2025.xlsx,Valor_R$_dez25,2311306,Quixadá,Benefícios do Regime Geral de Previdência Social | Aposentadorias | Total de Aposentadorias,16351896.180000002
ben_municipios_especie_2025.xlsx,Valor_R$_dez25,2311405,Quixeramobim,Benefícios do Regime Geral de Previdência Social | Aposentadorias | Total de Aposentadorias,14218161.23
ben_municipios_especie_2025.xlsx,Valor_R$_dez25,2313203,Tamboril,Benefícios do Regime Geral de Previdência Social | Aposentadorias | Total de Aposentadorias,7140633.09
ben_municipios_especie_2025.xlsx,Valor_R$_dez25,2301851,Banabuiú,Benefícios do Regime Geral de Previdência Social | Aposentadorias | Total de Aposentadorias,3429456.3200000003
ben_municipios_especie_2025.xlsx,Valor_R$_dez25,2307635,Madalena,Benefícios do Regime Geral de Previdência Social | Aposentadorias | Total de Aposentadorias,2865623.35
ben_municipios_especie_2025.xlsx,Valor_R$_dez25,2305266,Ibaretama,Benefícios do Regime Geral de Previdência Social | Aposentadorias | Total de Aposentadorias,1663292.32
ben_municipios_especie_2025.xlsx,Valor_R$_dez25,2303931,Choró,Benefícios do Regime Geral de Previdência Social | Aposentadorias | Total de Aposentadorias,1843968.67
ben_municipios_especie_2025.xlsx,Valor_R$_dez25,2302404,Boa Viagem,Benefícios do Regime Geral de Previdência Social | Aposentadorias | Aposentadorias por idade,12527310.05
ben_municipios_especie_2025.xlsx,Valor_R$_dez25,2302800,Canindé,Benefícios do Regime Geral de Previdência Social | Aposentadorias | Aposentadorias por idade,19689144.48
ben_municipios_especie_2025.xlsx,Valor_R$_dez25,2308609,Monsenhor Tabosa,Benefícios do Regime Geral de Previdência Social | Aposentadorias | Aposentadorias por idade,3180425.38
ben_municipios_especie_2025.xlsx,Valor_R$_dez25,2310506,Pedra Branca,Benefícios do Regime Geral de Previdência Social | Aposentadorias | Aposentadorias por idade,9046051.0
ben_municipios_especie_2025.xlsx,Valor_R$_dez25,2311306,Quixadá,Benefícios do Regime Geral de Previdência Social | Aposentadorias | Aposentadorias por idade,12982322.63
ben_municipios_especie_2025.xlsx,Valor_R$_dez25,2311405,Quixeramobim,Benefícios do Regime Geral de Previdência Social | Aposentadorias | Aposentadorias por idade,12217362.92
ben_municipios_especie_2025.xlsx,Valor_R$_dez25,2313203,Tamboril,Benefícios do Regime Geral de Previdência Social | Aposentadorias | Aposentadorias por idade,6330385.46
ben_municipios_especie_2025.xlsx,Valor_R$_dez25,2301851,Banabuiú,Benefícios do Regime Geral de Previdência Social | Aposentadorias | Aposentadorias por idade,2899268.47
ben_municipios_especie_2025.xlsx,Valor_R$_dez25,2307635,Madalena,Benefícios do Regime Geral de Previdência Social | Aposentadorias | Aposentadorias por idade,2545874.68
ben_municipios_especie_2025.xlsx,Valor_R$_dez25,2305266,Ibaretama,Benefícios do Regime Geral de Previdência Social | Aposentadorias | Aposentadorias por idade,1544423.88
ben_municipios_especie_2025.xlsx,Valor_R$_dez25,2303931,Choró,Benefícios do Regime Geral de Previdência Social | Aposentadorias | Aposentadorias por idade,1728706.43
ben_municipios_especie_2025.xlsx,Valor_R$_dez25,2302404,Boa Viagem,Benefícios do Regime Geral de Previdência Social | Aposentadorias | Aposentadorias por invalidez,943694.96
ben_municipios_especie_2025.xlsx,Valor_R$_dez25,2302800,Canindé,Benefícios do Regime Geral de Previdência Social | Aposentadorias | Aposentadorias por invalidez,1148466.19
ben_municipios_especie_2025.xlsx,Valor_R$_dez25,2308609,Monsenhor Tabosa,Benefícios do Regime Geral de Previdência Social | Aposentadorias | Aposentadorias por invalidez,158167.18
ben_municipios_especie_2025.xlsx,Valor_R$_dez25,2310506,Pedra Branca,Benefícios do Regime Geral de Previdência Social | Aposentadorias | Aposentadorias por invalidez,576891.02
ben_municipios_especie_2025.xlsx,Valor_R$_dez25,2311306,Quixadá,Benefícios do Regime Geral de Previdência Social | Aposentadorias | Aposentadorias por invalidez,2021457.29
ben_municipios_especie_2025.xlsx,Valor_R$_dez25,2311405,Quixeramobim,Benefícios do Regime Geral de Previdência Social | Aposentadorias | Aposentadorias por invalidez,1113827.58
ben_municipios_especie_2025.xlsx,Valor_R$_dez25,2313203,Tamboril,Benefícios do Regime Geral de Previdência Social | Aposentadorias | Aposentadorias por invalidez,359215.57
ben_municipios_especie_2025.xlsx,Valor_R$_dez25,2301851,Banabuiú,Benefícios do Regime Geral de Previdência Social | Aposentadorias | Aposentadorias por invalidez,246836.26
ben_municipios_especie_2025.xlsx,Valor_R$_dez25,2307635,Madalena,Benefícios do Regime Geral de Previdência Social | Aposentadorias | Aposentadorias por invalidez,156173.69
ben_municipios_especie_2025.xlsx,Valor_R$_dez25,2305266,Ibaretama,Benefícios do Regime Geral de Previdência Social | Aposentadorias | Aposentadorias por invalidez,77413.37
ben_municipios_especie_2025.xlsx,Valor_R$_dez25,2303931,Choró,Benefícios do Regime Geral de Previdência Social | Aposentadorias | Aposentadorias por invalidez,103920.33
ben_municipios_especie_2025.xlsx,Valor_R$_dez25,2302404,Boa Viagem,Benefícios do Regime Geral de Previdência Social | Aposentadorias | Aposentadorias por tempo de contribuição,533676.92
ben_municipios_especie_2025.xlsx,Valor_R$_dez25,2302800,Canindé,Benefícios do Regime Geral de Previdência Social | Aposentadorias | Aposentadorias por tempo de contribuição,977997.85
ben_municipios_especie_2025.xlsx,Valor_R$_dez25,2308609,Monsenhor Tabosa,Benefícios do Regime Geral de Previdência Social | Aposentadorias | Aposentadorias por tempo de contribuição,298073.88
ben_municipios_especie_2025.xlsx,Valor_R$_dez25,2310506,Pedra Branca,Benefícios do Regime Geral de Previdência Social | Aposentadorias | Aposentadorias por tempo de contribuição,680972.64
ben_municipios_especie_2025.xlsx,Valor_R$_dez25,2311306,Quixadá,Benefícios do Regime Geral de Previdência Social | Aposentadorias | Aposentadorias por tempo de contribuição,1348116.26
ben_municipios_especie_2025.xlsx,Valor_R$_dez25,2311405,Quixeramobim,Benefícios do Regime Geral de Previdência Social | Aposentadorias | Aposentadorias por tempo de contribuição,886970.73
ben_municipios_especie_2025.xlsx,Valor_R$_dez25,2313203,Tamboril,Benefícios do Regime Geral de Previdência Social | Aposentadorias | Aposentadorias por tempo de contribuição,451032.06
ben_municipios_especie_2025.xlsx,Valor_R$_dez25,2301851,Banabuiú,Benefícios do Regime Geral de Previdência Social | Aposentadorias | Aposentadorias por tempo de contribuição,283351.59
ben_municipios_especie_2025.xlsx,Valor_R$_dez25,2307635,Madalena,Benefícios do Regime Geral de Previdência Social | Aposentadorias | Aposentadorias por tempo de contribuição,163574.98
ben_municipios_especie_2025.xlsx,Valor_R$_dez25,2305266,Ibaretama,Benefícios do Regime Geral de Previdência Social | Aposentadorias | Aposentadorias por tempo de contribuição,41455.07
ben_municipios_especie_2025.xlsx,Valor_R$_dez25,2303931,Choró,Benefícios do Regime Geral de Previdência Social | Aposentadorias | Aposentadorias por tempo de contribuição,11341.91
ben_municipios_especie_2025.xlsx,Valor_R$_dez25,2302404,Boa Viagem,Benefícios do Regime Geral de Previdência Social | Pensões por morte,4207448.93
ben_municipios_especie_2025.xlsx,Valor_R$_dez25,2302800,Canindé,Benefícios do Regime Geral de Previdência Social | Pensões por morte,6706005.18
ben_municipios_especie_2025.xlsx,Valor_R$_dez25,2308609,Monsenhor Tabosa,Benefícios do Regime Geral de Previdência Social | Pensões por morte,1051688.52
ben_municipios_especie_2025.xlsx,Valor_R$_dez25,2310506,Pedra Branca,Benefícios do Regime Geral de Previdência Social | Pensões por morte,3106736.23
ben_municipios_especie_2025.xlsx,Valor_R$_dez25,2311306,Quixadá,Benefícios do Regime Geral de Previdência Social | Pensões por morte,5765270.98
ben_municipios_especie_2025.xlsx,Valor_R$_dez25,2311405,Quixeramobim,Benefícios do Regime Geral de Previdência Social | Pensões por morte,4628361.16
ben_municipios_especie_2025.xlsx,Valor_R$_dez25,2313203,Tamboril,Benefícios do Regime Geral de Previdência Social | Pensões por morte,2048153.07
ben_municipios_especie_2025.xlsx,Valor_R$_dez25,2301851,Banabuiú,Benefícios do Regime Geral de Previdência Social | Pensões por morte,919397.06
ben_municipios_especie_2025.xlsx,Valor_R$_dez25,2307635,Madalena,Benefícios do Regime Geral de Previdência Social | Pensões por morte,753334.87
ben_municipios_especie_2025.xlsx,Valor_R$_dez25,2305266,Ibaretama,Benefícios do Regime Geral de Previdência Social | Pensões por morte,449580.89
ben_municipios_especie_2025.xlsx,Valor_R$_dez25,2303931,Choró,Benefícios do Regime Geral de Previdência Social | Pensões por morte,436838.49
ben_municipios_especie_2025.xlsx,Valor_R$_dez25,2302404,Boa Viagem,Benefícios do Regime Geral de Previdência Social | Auxílios,1056973.29
ben_municipios_especie_2025.xlsx,Valor_R$_dez25,2302800,Canindé,Benefícios do Regime Geral de Previdência Social | Auxílios,698919.0499999999
ben_municipios_especie_2025.xlsx,Valor_R$_dez25,2308609,Monsenhor Tabosa,Benefícios do Regime Geral de Previdência Social | Auxílios,121697.66
ben_municipios_especie_2025.xlsx,Valor_R$_dez25,2310506,Pedra Branca,Benefícios do Regime Geral de Previdência Social | Auxílios,481665.1099999999
ben_municipios_especie_2025.xlsx,Valor_R$_dez25,2311306,Quixadá,Benefícios do Regime Geral de Previdência Social | Auxílios,1341902.83
ben_municipios_especie_2025.xlsx,Valor_R$_dez25,2311405,Quixeramobim,Benefícios do Regime Geral de Previdência Social | Auxílios,1007183.8899999999
ben_municipios_especie_2025.xlsx,Valor_R$_dez25,2313203,Tamboril,Benefícios do Regime Geral de Previdência Social | Auxílios,286787.78
ben_municipios_especie_2025.xlsx,Valor_R$_dez25,2301851,Banabuiú,Benefícios do Regime Geral de Previdência Social | Auxílios,195484.33999999997
ben_municipios_especie_2025.xlsx,Valor_R$_dez25,2307635,Madalena,Benefícios do Regime Geral de Previdência Social | Auxílios,88063.90000000001
ben_municipios_especie_2025.xlsx,Valor_R$_dez25,2305266,Ibaretama,Benefícios do Regime Geral de Previdência Social | Auxílios,37697.17
ben_municipios_especie_2025.xlsx,Valor_R$_dez25,2303931,Choró,Benefícios do Regime Geral de Previdência Social | Auxílios,45353.25
ben_municipios_especie_2025.xlsx,Valor_R$_dez25,2302404,Boa Viagem,Benefícios do Regime Geral de Previdência Social | Outros benefícios previdenciários,92724.66
ben_municipios_especie_2025.xlsx,Valor_R$_dez25,2302800,Canindé,Benefícios do Regime Geral de Previdência Social | Outros benefícios previdenciários,121598.37
ben_municipios_especie_2025.xlsx,Valor_R$_dez25,2308609,Monsenhor Tabosa,Benefícios do Regime Geral de Previdência Social | Outros benefícios previdenciários,27792.449999999997
ben_municipios_especie_2025.xlsx,Valor_R$_dez25,2310506,Pedra Branca,Benefícios do Regime Geral de Previdência Social | Outros benefícios previdenciários,67630.23
ben_municipios_especie_2025.xlsx,Valor_R$_dez25,2311306,Quixadá,Benefícios do Regime Geral de Previdência Social | Outros benefícios previdenciários,134495.15
ben_municipios_especie_2025.xlsx,Valor_R$_dez25,2311405,Quixeramobim,Benefícios do Regime Geral de Previdência Social | Outros benefícios previdenciários,169298.86
ben_municipios_especie_2025.xlsx,Valor_R$_dez25,2313203,Tamboril,Benefícios do Regime Geral de Previdência Social | Outros benefícios previdenciários,33982.740000000005
ben_municipios_especie_2025.xlsx,Valor_R$_dez25,2301851,Banabuiú,Benefícios do Regime Geral de Previdência Social | Outros benefícios previdenciários,14266.509999999998
ben_municipios_especie_2025.xlsx,Valor_R$_dez25,2307635,Madalena,Benefícios do Regime Geral de Previdência Social | Outros benefícios previdenciários,13679.5
ben_municipios_especie_2025.xlsx,Valor_R$_dez25,2305266,Ibaretama,Benefícios do Regime Geral de Previdência Social | Outros benefícios previdenciários,5581.2699999999995
ben_municipios_especie_2025.xlsx,Valor_R$_dez25,2303931,Choró,Benefícios do Regime Geral de Previdência Social | Outros benefícios previdenciários,4762.46
ben_municipios_especie_2025.xlsx,Valor_R$_dez25,2302404,Boa Viagem,Benefícios do Regime Geral de Previdência Social | Total de benefícios previdenciários,19361828.810000002
ben_municipios_especie_2025.xlsx,Valor_R$_dez25,2302800,Canindé,Benefícios do Regime Geral de Previdência Social | Total de benefícios previdenciários,29342131.120000005
ben_municipios_especie_2025.xlsx,Valor_R$_dez25,2308609,Monsenhor Tabosa,Benefícios do Regime Geral de Previdência Social | Total de benefícios previdenciários,4837845.07
ben_municipios_especie_2025.xlsx,Valor_R$_dez25,2310506,Pedra Branca,Benefícios do Regime Geral de Previdência Social | Total de benefícios previdenciários,13959946.23
ben_municipios_especie_2025.xlsx,Valor_R$_dez25,2311306,Quixadá,Benefícios do Regime Geral de Previdência Social | Total de benefícios previdenciários,23593565.14
ben_municipios_especie_2025.xlsx,Valor_R$_dez25,2311405,Quixeramobim,Benefícios do Regime Geral de Previdência Social | Total de benefícios previdenciários,20023005.14
ben_municipios_especie_2025.xlsx,Valor_R$_dez25,2313203,Tamboril,Benefícios do Regime Geral de Previdência Social | Total de benefícios previdenciários,9509556.68
ben_municipios_especie_2025.xlsx,Valor_R$_dez25,2301851,Banabuiú,Benefícios do Regime Geral de Previdência Social | Total de benefícios previdenciários,4558604.23
ben_municipios_especie_2025.xlsx,Valor_R$_dez25,2307635,Madalena,Benefícios do Regime Geral de Previdência Social | Total de benefícios previdenciários,3720701.62
ben_municipios_especie_2025.xlsx,Valor_R$_dez25,2305266,Ibaretama,Benefícios do Regime Geral de Previdência Social | Total de benefícios previdenciários,2156151.65
ben_municipios_especie_2025.xlsx,Valor_R$_dez25,2303931,Choró,Benefícios do Regime Geral de Previdência Social | Total de benefícios previdenciários,2330922.87
ben_municipios_especie_2025.xlsx,Valor_R$_dez25,2302404,Boa Viagem,Benefícios assistenciais e de legislação específica,3802255.34
ben_municipios_especie_2025.xlsx,Valor_R$_dez25,2302800,Canindé,Benefícios assistenciais e de legislação específica,5409084.649999999
ben_municipios_especie_2025.xlsx,Valor_R$_dez25,2308609,Monsenhor Tabosa,Benefícios assistenciais e de legislação específica,772599.73
ben_municipios_especie_2025.xlsx,Valor_R$_dez25,2310506,Pedra Branca,Benefícios assistenciais e de legislação específica,1725669.46
ben_municipios_especie_2025.xlsx,Valor_R$_dez25,2311306,Quixadá,Benefícios assistenciais e de legislação específica,8438560.41
ben_municipios_especie_2025.xlsx,Valor_R$_dez25,2311405,Quixeramobim,Benefícios assistenciais e de legislação específica,5372200.7
ben_municipios_especie_2025.xlsx,Valor_R$_dez25,2313203,Tamboril,Benefícios assistenciais e de legislação específica,1223503.97
ben_municipios_especie_2025.xlsx,Valor_R$_dez25,2301851,Banabuiú,Benefícios assistenciais e de legislação específica,715136.96
ben_municipios_especie_2025.xlsx,Valor_R$_dez25,2307635,Madalena,Benefícios assistenciais e de legislação específica,731012.89
ben_municipios_especie_2025.xlsx,Valor_R$_dez25,2305266,Ibaretama,Benefícios assistenciais e de legislação específica,479661.27
ben_municipios_especie_2025.xlsx,Valor_R$_dez25,2303931,Choró,Benefícios assistenciais e de legislação específica,410550.85
ben_municipios_especie_2025.xlsx,Valor_R$_dez25,2302404,Boa Viagem,Total,23164084.150000002
ben_municipios_especie_2025.xlsx,Valor_R$_dez25,2302800,Canindé,Total,34751215.77
ben_municipios_especie_2025.xlsx,Valor_R$_dez25,2308609,Monsenhor Tabosa,Total,5610444.8
ben_municipios_especie_2025.xlsx,Valor_R$_dez25,2310506,Pedra Branca,Total,15685615.69
ben_municipios_especie_2025.xlsx,Valor_R$_dez25,2311306,Quixadá,Total,32032125.55
ben_municipios_especie_2025.xlsx,Valor_R$_dez25,2311405,Quixeramobim,Total,25395205.84
ben_municipios_especie_2025.xlsx,Valor_R$_dez25,2313203,Tamboril,Total,10733060.65
ben_municipios_especie_2025.xlsx,Valor_R$_dez25,2301851,Banabuiú,Total,5273741.19
ben_municipios_especie_2025.xlsx,Valor_R$_dez25,2307635,Madalena,Total,4451714.51
ben_municipios_especie_2025.xlsx,Valor_R$_dez25,2305266,Ibaretama,Total,2635812.92
ben_municipios_especie_2025.xlsx,Valor_R$_dez25,2303931,Choró,Total,2741473.7199999997
ben_municipios_especie_2025.xlsx,Valor_Médio_R$_dez24,2302404,Boa Viagem,Benefícios do Regime Geral de Previdência Social | Aposentadorias | Total de Aposentadorias,1349.3286376336835
ben_municipios_especie_2025.xlsx,Valor_Médio_R$_dez24,2302800,Canindé,Benefícios do Regime Geral de Previdência Social | Aposentadorias | Total de Aposentadorias,1325.2100911189407
ben_municipios_especie_2025.xlsx,Valor_Médio_R$_dez24,2308609,Monsenhor Tabosa,Benefícios do Regime Geral de Previdência Social | Aposentadorias | Total de Aposentadorias,1380.6630372057707
ben_municipios_especie_2025.xlsx,Valor_Médio_R$_dez24,2310506,Pedra Branca,Benefícios do Regime Geral de Previdência Social | Aposentadorias | Total de Aposentadorias,1368.9271502590673
ben_municipios_especie_2025.xlsx,Valor_Médio_R$_dez24,2311306,Quixadá,Benefícios do Regime Geral de Previdência Social | Aposentadorias | Total de Aposentadorias,1340.5391195277916
ben_municipios_especie_2025.xlsx,Valor_Médio_R$_dez24,2311405,Quixeramobim,Benefícios do Regime Geral de Previdência Social | Aposentadorias | Total de Aposentadorias,1349.227674131714
ben_municipios_especie_2025.xlsx,Valor_Médio_R$_dez24,2313203,Tamboril,Benefícios do Regime Geral de Previdência Social | Aposentadorias | Total de Aposentadorias,1360.3797085159079
ben_municipios_especie_2025.xlsx,Valor_Médio_R$_dez24,2301851,Banabuiú,Benefícios do Regime Geral de Previdência Social | Aposentadorias | Total de Aposentadorias,1339.1082858258494
ben_municipios_especie_2025.xlsx,Valor_Médio_R$_dez24,2307635,Madalena,Benefícios do Regime Geral de Previdência Social | Aposentadorias | Total de Aposentadorias,1345.363075117371
ben_municipios_especie_2025.xlsx,Valor_Médio_R$_dez24,2305266,Ibaretama,Benefícios do Regime Geral de Previdência Social | Aposentadorias | Total de Aposentadorias,1255.3149584905661
ben_municipios_especie_2025.xlsx,Valor_Médio_R$_dez24,2303931,Choró,Benefícios do Regime Geral de Previdência Social | Aposentadorias | Total de Aposentadorias,1263.8578958190542
ben_municipios_especie_2025.xlsx,Valor_Médio_R$_dez24,2302404,Boa Viagem,Benefícios do Regime Geral de Previdência Social | Aposentadorias | Aposentadorias por idade,1319.914661258034
ben_municipios_especie_2025.xlsx,Valor_Médio_R$_dez24,2302800,Canindé,Benefícios do Regime Geral de Previdência Social | Aposentadorias | Aposentadorias por idade,1299.5277196224672
ben_municipios_especie_2025.xlsx,Valor_Médio_R$_dez24,2308609,Monsenhor Tabosa,Benefícios do Regime Geral de Previdência Social | Aposentadorias | Aposentadorias por idade,1364.4038524238524
ben_municipios_especie_2025.xlsx,Valor_Médio_R$_dez24,2310506,Pedra Branca,Benefícios do Regime Geral de Previdência Social | Aposentadorias | Aposentadorias por idade,1350.3584117032392
ben_municipios_especie_2025.xlsx,Valor_Médio_R$_dez24,2311306,Quixadá,Benefícios do Regime Geral de Previdência Social | Aposentadorias | Aposentadorias por idade,1276.531232055064
ben_municipios_especie_2025.xlsx,Valor_Médio_R$_dez24,2311405,Quixeramobim,Benefícios do Regime Geral de Previdência Social | Aposentadorias | Aposentadorias por idade,1303.6025309432353
ben_municipios_especie_2025.xlsx,Valor_Médio_R$_dez24,2313203,Tamboril,Benefícios do Regime Geral de Previdência Social | Aposentadorias | Aposentadorias por idade,1336.9346272439282
ben_municipios_especie_2025.xlsx,Valor_Médio_R$_dez24,2301851,Banabuiú,Benefícios do Regime Geral de Previdência Social | Aposentadorias | Aposentadorias por idade,1292.009122103387
ben_municipios_especie_2025.xlsx,Valor_Médio_R$_dez24,2307635,Madalena,Benefícios do Regime Geral de Previdência Social | Aposentadorias | Aposentadorias por idade,1322.5323012987014
ben_municipios_especie_2025.xlsx,Valor_Médio_R$_dez24,2305266,Ibaretama,Benefícios do Regime Geral de Previdência Social | Aposentadorias | Aposentadorias por idade,1252.5741119221411
ben_municipios_especie_2025.xlsx,Valor_Médio_R$_dez24,2303931,Choró,Benefícios do Regime Geral de Previdência Social | Aposentadorias | Aposentadorias por idade,1259.990109329446
ben_municipios_especie_2025.xlsx,Valor_Médio_R$_dez24,2302404,Boa Viagem,Benefícios do Regime Geral de Previdência Social | Aposentadorias | Aposentadorias por invalidez,1400.140890207715
ben_municipios_especie_2025.xlsx,Valor_Médio_R$_dez24,2302800,Canindé,Benefícios do Regime Geral de Previdência Social | Aposentadorias | Aposentadorias por invalidez,1375.408610778443
ben_municipios_especie_2025.xlsx,Valor_Médio_R$_dez24,2308609,Monsenhor Tabosa,Benefícios do Regime Geral de Previdência Social | Aposentadorias | Aposentadorias por invalidez,1387.4314035087718
ben_municipios_especie_2025.xlsx,Valor_Médio_R$_dez24,2310506,Pedra Branca,Benefícios do Regime Geral de Previdência Social | Aposentadorias | Aposentadorias por invalidez,1431.491364764268
ben_municipios_especie_2025.xlsx,Valor_Médio_R$_dez24,2311306,Quixadá,Benefícios do Regime Geral de Previdência Social | Aposentadorias | Aposentadorias por invalidez,1396.998818244644
ben_municipios_especie_2025.xlsx,Valor_Médio_R$_dez24,2311405,Quixeramobim,Benefícios do Regime Geral de Previdência Social | Aposentadorias | Aposentadorias por invalidez,1378.49948019802
ben_municipios_especie_2025.xlsx,Valor_Médio_R$_dez24,2313203,Tamboril,Benefícios do Regime Geral de Previdência Social | Aposentadorias | Aposentadorias por invalidez,1478.2533744855966
ben_municipios_especie_2025.xlsx,Valor_Médio_R$_dez24,2301851,Banabuiú,Benefícios do Regime Geral de Previdência Social | Aposentadorias | Aposentadorias por invalidez,1312.958829787234
ben_municipios_especie_2025.xlsx,Valor_Médio_R$_dez24,2307635,Madalena,Benefícios do Regime Geral de Previdência Social | Aposentadorias | Aposentadorias por invalidez,1406.9701801801803
ben_municipios_especie_2025.xlsx,Valor_Médio_R$_dez24,2305266,Ibaretama,Benefícios do Regime Geral de Previdência Social | Aposentadorias | Aposentadorias por invalidez,1248.602741935484
ben_municipios_especie_2025.xlsx,Valor_Médio_R$_dez24,2303931,Choró,Benefícios do Regime Geral de Previdência Social | Aposentadorias | Aposentadorias por invalidez,1332.311923076923
ben_municipios_especie_2025.xlsx,Valor_Médio_R$_dez24,2302404,Boa Viagem,Benefícios do Regime Geral de Previdência Social | Aposentadorias | Aposentadorias por tempo de contribuição,2493.8173831775703
ben_municipios_especie_2025.xlsx,Valor_Médio_R$_dez24,2302800,Canindé,Benefícios do Regime Geral de Previdência Social | Aposentadorias | Aposentadorias por tempo de contribuição,2054.617331932773
ben_municipios_especie_2025.xlsx,Valor_Médio_R$_dez24,2308609,Monsenhor Tabosa,Benefícios do Regime Geral de Previdência Social | Aposentadorias | Aposentadorias por tempo de contribuição,1577.1104761904762
ben_municipios_especie_2025.xlsx,Valor_Médio_R$_dez24,2310506,Pedra Branca,Benefícios do Regime Geral de Previdência Social | Aposentadorias | Aposentadorias por tempo de contribuição,1602.2885647058824
ben_municipios_especie_2025.xlsx,Valor_Médio_R$_dez24,2311306,Quixadá,Benefícios do Regime Geral de Previdência Social | Aposentadorias | Aposentadorias por tempo de contribuição,2320.3377969018934
ben_municipios_especie_2025.xlsx,Valor_Médio_R$_dez24,2311405,Quixeramobim,Benefícios do Regime Geral de Previdência Social | Aposentadorias | Aposentadorias por tempo de contribuição,2477.57187150838
ben_municipios_especie_2025.xlsx,Valor_Médio_R$_dez24,2313203,Tamboril,Benefícios do Regime Geral de Previdência Social | Aposentadorias | Aposentadorias por tempo de contribuição,1664.3249446494465
ben_municipios_especie_2025.xlsx,Valor_Médio_R$_dez24,2301851,Banabuiú,Benefícios do Regime Geral de Previdência Social | Aposentadorias | Aposentadorias por tempo de contribuição,2196.523953488372
ben_municipios_especie_2025.xlsx,Valor_Médio_R$_dez24,2307635,Madalena,Benefícios do Regime Geral de Previdência Social | Aposentadorias | Aposentadorias por tempo de contribuição,1740.1593617021279
ben_municipios_especie_2025.xlsx,Valor_Médio_R$_dez24,2305266,Ibaretama,Benefícios do Regime Geral de Previdência Social | Aposentadorias | Aposentadorias por tempo de contribuição,1381.8356666666666
ben_municipios_especie_2025.xlsx,Valor_Médio_R$_dez24,2303931,Choró,Benefícios do Regime Geral de Previdência Social | Aposentadorias | Aposentadorias por tempo de contribuição,1260.2122222222222
ben_municipios_especie_2025.xlsx,Valor_Médio_R$_dez24,2302404,Boa Viagem,Benefícios do Regime Geral de Previdência Social | Pensões por morte,1341.6610108418367
ben_municipios_especie_2025.xlsx,Valor_Médio_R$_dez24,2302800,Canindé,Benefícios do Regime Geral de Previdência Social | Pensões por morte,1329.2378949454906
ben_municipios_especie_2025.xlsx,Valor_Médio_R$_dez24,2308609,Monsenhor Tabosa,Benefícios do Regime Geral de Previdência Social | Pensões por morte,1407.882891566265
ben_municipios_especie_2025.xlsx,Valor_Médio_R$_dez24,2310506,Pedra Branca,Benefícios do Regime Geral de Previdência Social | Pensões por morte,1354.2878073234524
ben_municipios_especie_2025.xlsx,Valor_Médio_R$_dez24,2311306,Quixadá,Benefícios do Regime Geral de Previdência Social | Pensões por morte,1305.2458637083994
ben_municipios_especie_2025.xlsx,Valor_Médio_R$_dez24,2311405,Quixeramobim,Benefícios do Regime Geral de Previdência Social | Pensões por morte,1326.5580854112927
ben_municipios_especie_2025.xlsx,Valor_Médio_R$_dez24,2313203,Tamboril,Benefícios do Regime Geral de Previdência Social | Pensões por morte,1347.469125
ben_municipios_especie_2025.xlsx,Valor_Médio_R$_dez24,2301851,Banabuiú,Benefícios do Regime Geral de Previdência Social | Pensões por morte,1298.5834180790962
ben_municipios_especie_2025.xlsx,Valor_Médio_R$_dez24,2307635,Madalena,Benefícios do Regime Geral de Previdência Social | Pensões por morte,1328.6329276895945
ben_municipios_especie_2025.xlsx,Valor_Médio_R$_dez24,2305266,Ibaretama,Benefícios do Regime Geral de Previdência Social | Pensões por morte,1284.5168285714285
ben_municipios_especie_2025.xlsx,Valor_Médio_R$_dez24,2303931,Choró,Benefícios do Regime Geral de Previdência Social | Pensões por morte,1300.1145535714286
ben_municipios_especie_2025.xlsx,Valor_Médio_R$_dez24,2302404,Boa Viagem,Benefícios do Regime Geral de Previdência Social | Auxílios,1292.1433863080686
ben_municipios_especie_2025.xlsx,Valor_Médio_R$_dez24,2302800,Canindé,Benefícios do Regime Geral de Previdência Social | Auxílios,1296.6958256029684
ben_municipios_especie_2025.xlsx,Valor_Médio_R$_dez24,2308609,Monsenhor Tabosa,Benefícios do Regime Geral de Previdência Social | Auxílios,1431.7371764705883
ben_municipios_especie_2025.xlsx,Valor_Médio_R$_dez24,2310506,Pedra Branca,Benefícios do Regime Geral de Previdência Social | Auxílios,1360.635903954802
ben_municipios_especie_2025.xlsx,Valor_Médio_R$_dez24,2311306,Quixadá,Benefícios do Regime Geral de Previdência Social | Auxílios,1344.5920140280562
ben_municipios_especie_2025.xlsx,Valor_Médio_R$_dez24,2311405,Quixeramobim,Benefícios do Regime Geral de Previdência Social | Auxílios,1325.2419605263156
ben_municipios_especie_2025.xlsx,Valor_Médio_R$_dez24,2313203,Tamboril,Benefícios do Regime Geral de Previdência Social | Auxílios,1321.60267281106
ben_municipios_especie_2025.xlsx,Valor_Médio_R$_dez24,2301851,Banabuiú,Benefícios do Regime Geral de Previdência Social | Auxílios,1386.413758865248
ben_municipios_especie_2025.xlsx,Valor_Médio_R$_dez24,2307635,Madalena,Benefícios do Regime Geral de Previdência Social | Auxílios,1206.354794520548
ben_municipios_especie_2025.xlsx,Valor_Médio_R$_dez24,2305266,Ibaretama,Benefícios do Regime Geral de Previdência Social | Auxílios,1216.0377419354838
ben_municipios_especie_2025.xlsx,Valor_Médio_R$_dez24,2303931,Choró,Benefícios do Regime Geral de Previdência Social | Auxílios,1225.7635135135135
ben_municipios_especie_2025.xlsx,Valor_Médio_R$_dez24,2302404,Boa Viagem,Benefícios do Regime Geral de Previdência Social | Outros benefícios previdenciários,1343.835652173913
ben_municipios_especie_2025.xlsx,Valor_Médio_R$_dez24,2302800,Canindé,Benefícios do Regime Geral de Previdência Social | Outros benefícios previdenciários,1336.245824175824
ben_municipios_especie_2025.xlsx,Valor_Médio_R$_dez24,2308609,Monsenhor Tabosa,Benefícios do Regime Geral de Previdência Social | Outros benefícios previdenciários,1634.85
ben_municipios_especie_2025.xlsx,Valor_Médio_R$_dez24,2310506,Pedra Branca,Benefícios do Regime Geral de Previdência Social | Outros benefícios previdenciários,1380.208775510204
ben_municipios_especie_2025.xlsx,Valor_Médio_R$_dez24,2311306,Quixadá,Benefícios do Regime Geral de Previdência Social | Outros benefícios previdenciários,1331.6351485148514
ben_municipios_especie_2025.xlsx,Valor_Médio_R$_dez24,2311405,Quixeramobim,Benefícios do Regime Geral de Previdência Social | Outros benefícios previdenciários,1254.0656296296295
ben_municipios_especie_2025.xlsx,Valor_Médio_R$_dez24,2313203,Tamboril,Benefícios do Regime Geral de Previdência Social | Outros benefícios previdenciários,1359.3096000000003
ben_municipios_especie_2025.xlsx,Valor_Médio_R$_dez24,2301851,Banabuiú,Benefícios do Regime Geral de Previdência Social | Outros benefícios previdenciários,1296.9554545454544
ben_municipios_especie_2025.xlsx,Valor_Médio_R$_dez24,2307635,Madalena,Benefícios do Regime Geral de Previdência Social | Outros benefícios previdenciários,1519.9444444444443
ben_municipios_especie_2025.xlsx,Valor_Médio_R$_dez24,2305266,Ibaretama,Benefícios do Regime Geral de Previdência Social | Outros benefícios previdenciários,1395.3174999999999
ben_municipios_especie_2025.xlsx,Valor_Médio_R$_dez24,2303931,Choró,Benefícios do Regime Geral de Previdência Social | Outros benefícios previdenciários,1190.615
ben_municipios_especie_2025.xlsx,Valor_Médio_R$_dez24,2302404,Boa Viagem,Benefícios do Regime Geral de Previdência Social | Total de benefícios previdenciários,1344.3847250381893
ben_municipios_especie_2025.xlsx,Valor_Médio_R$_dez24,2302800,Canindé,Benefícios do Regime Geral de Previdência Social | Total de benefícios previdenciários,1325.4791127975789
ben_municipios_especie_2025.xlsx,Valor_Médio_R$_dez24,2308609,Monsenhor Tabosa,Benefícios do Regime Geral de Previdência Social | Total de benefícios previdenciários,1388.987961527419
ben_municipios_especie_2025.xlsx,Valor_Médio_R$_dez24,2310506,Pedra Branca,Benefícios do Regime Geral de Previdência Social | Total de benefícios previdenciários,1365.40945129108
ben_municipios_especie_2025.xlsx,Valor_Médio_R$_dez24,2311306,Quixadá,Benefícios do Regime Geral de Previdência Social | Total de benefícios previdenciários,1331.9162888111098
ben_municipios_especie_2025.xlsx,Valor_Médio_R$_dez24,2311405,Quixeramobim,Benefícios do Regime Geral de Previdência Social | Total de benefícios previdenciários,1341.8446012598847
ben_municipios_especie_2025.xlsx,Valor_Médio_R$_dez24,2313203,Tamboril,Benefícios do Regime Geral de Previdência Social | Total de benefícios previdenciários,1356.3766481243758
ben_municipios_especie_2025.xlsx,Valor_Médio_R$_dez24,2301851,Banabuiú,Benefícios do Regime Geral de Previdência Social | Total de benefícios previdenciários,1332.535583162818
ben_municipios_especie_2025.xlsx,Valor_Médio_R$_dez24,2307635,Madalena,Benefícios do Regime Geral de Previdência Social | Total de benefícios previdenciários,1338.8634832673624
ben_municipios_especie_2025.xlsx,Valor_Médio_R$_dez24,2305266,Ibaretama,Benefícios do Regime Geral de Previdência Social | Total de benefícios previdenciários,1260.9073976608186
ben_municipios_especie_2025.xlsx,Valor_Médio_R$_dez24,2303931,Choró,Benefícios do Regime Geral de Previdência Social | Total de benefícios previdenciários,1269.5658333333333
ben_municipios_especie_2025.xlsx,Valor_Médio_R$_dez24,2302404,Boa Viagem,Benefícios assistenciais e de legislação específica,1269.1105941255007
ben_municipios_especie_2025.xlsx,Valor_Médio_R$_dez24,2302800,Canindé,Benefícios assistenciais e de legislação específica,1296.210076683441
ben_municipios_especie_2025.xlsx,Valor_Médio_R$_dez24,2308609,Monsenhor Tabosa,Benefícios assistenciais e de legislação específica,1374.7326156583629
ben_municipios_especie_2025.xlsx,Valor_Médio_R$_dez24,2310506,Pedra Branca,Benefícios assistenciais e de legislação específica,1341.889160186625
ben_municipios_especie_2025.xlsx,Valor_Médio_R$_dez24,2311306,Quixadá,Benefícios assistenciais e de legislação específica,1223.5117311874728
ben_municipios_especie_2025.xlsx,Valor_Médio_R$_dez24,2311405,Quixeramobim,Benefícios assistenciais e de legislação específica,1283.6799761051375
ben_municipios_especie_2025.xlsx,Valor_Médio_R$_dez24,2313203,Tamboril,Benefícios assistenciais e de legislação específica,1329.8956195652174
ben_municipios_especie_2025.xlsx,Valor_Médio_R$_dez24,2301851,Banabuiú,Benefícios assistenciais e de legislação específica,1281.6074551971326
ben_municipios_especie_2025.xlsx,Valor_Médio_R$_dez24,2307635,Madalena,Benefícios assistenciais e de legislação específica,1303.0532798573975
ben_municipios_especie_2025.xlsx,Valor_Médio_R$_dez24,2305266,Ibaretama,Benefícios assistenciais e de legislação específica,1292.8875202156335
ben_municipios_especie_2025.xlsx,Valor_Médio_R$_dez24,2303931,Choró,Benefícios assistenciais e de legislação específica,1278.9746105919003
ben_municipios_especie_2025.xlsx,Valor_Médio_R$_dez24,2302404,Boa Viagem,Total,1331.4222410621912
ben_municipios_especie_2025.xlsx,Valor_Médio_R$_dez24,2302800,Canindé,Total,1320.8367833523375
ben_municipios_especie_2025.xlsx,Valor_Médio_R$_dez24,2308609,Monsenhor Tabosa,Total,1387.0073671199011
ben_municipios_especie_2025.xlsx,Valor_Médio_R$_dez24,2310506,Pedra Branca,Total,1362.7815543006081
ben_municipios_especie_2025.xlsx,Valor_Médio_R$_dez24,2311306,Quixadá,Total,1301.536936735606
ben_municipios_especie_2025.xlsx,Valor_Médio_R$_dez24,2311405,Quixeramobim,Total,1329.1048223164285
ben_municipios_especie_2025.xlsx,Valor_Médio_R$_dez24,2313203,Tamboril,Total,1353.3048354558064
ben_municipios_especie_2025.xlsx,Valor_Médio_R$_dez24,2301851,Banabuiú,Total,1325.3936139733603
ben_municipios_especie_2025.xlsx,Valor_Médio_R$_dez24,2307635,Madalena,Total,1332.8486556886228
ben_municipios_especie_2025.xlsx,Valor_Médio_R$_dez24,2305266,Ibaretama,Total,1266.608803459875
ben_municipios_especie_2025.xlsx,Valor_Médio_R$_dez24,2303931,Choró,Total,1270.9660268891978
ben_municipios_especie_2025.xlsx,Valor_Total_2025,2302404,Boa Viagem,Benefícios do Regime Geral de Previdência Social | Aposentadorias | Total de Aposentadorias,182583365.84
ben_municipios_especie_2025.xlsx,Valor_Total_2025,2302800,Canindé,Benefícios do Regime Geral de Previdência Social | Aposentadorias | Total de Aposentadorias,286022927.71000004
ben_municipios_especie_2025.xlsx,Valor_Total_2025,2308609,Monsenhor Tabosa,Benefícios do Regime Geral de Previdência Social | Aposentadorias | Total de Aposentadorias,46438286.08
ben_municipios_especie_2025.xlsx,Valor_Total_2025,2310506,Pedra Branca,Benefícios do Regime Geral de Previdência Social | Aposentadorias | Total de Aposentadorias,133287407.18
ben_municipios_especie_2025.xlsx,Valor_Total_2025,2311306,Quixadá,Benefícios do Regime Geral de Previdência Social | Aposentadorias | Total de Aposentadorias,213736886.33
ben_municipios_especie_2025.xlsx,Valor_Total_2025,2311405,Quixeramobim,Benefícios do Regime Geral de Previdência Social | Aposentadorias | Total de Aposentadorias,185938883.96
ben_municipios_especie_2025.xlsx,Valor_Total_2025,2313203,Tamboril,Benefícios do Regime Geral de Previdência Social | Aposentadorias | Total de Aposentadorias,95688183.12
ben_municipios_especie_2025.xlsx,Valor_Total_2025,2301851,Banabuiú,Benefícios do Regime Geral de Previdência Social | Aposentadorias | Total de Aposentadorias,44685727.260000005
ben_municipios_especie_2025.xlsx,Valor_Total_2025,2307635,Madalena,Benefícios do Regime Geral de Previdência Social | Aposentadorias | Total de Aposentadorias,37367838.11000001
ben_municipios_especie_2025.xlsx,Valor_Total_2025,2305266,Ibaretama,Benefícios do Regime Geral de Previdência Social | Aposentadorias | Total de Aposentadorias,22170348.19
ben_municipios_especie_2025.xlsx,Valor_Total_2025,2303931,Choró,Benefícios do Regime Geral de Previdência Social | Aposentadorias | Total de Aposentadorias,24203678.29
ben_municipios_especie_2025.xlsx,Valor_Total_2025,2302404,Boa Viagem,Benefícios do Regime Geral de Previdência Social | Aposentadorias | Aposentadorias por idade,163275518.19
ben_municipios_especie_2025.xlsx,Valor_Total_2025,2302800,Canindé,Benefícios do Regime Geral de Previdência Social | Aposentadorias | Aposentadorias por idade,258203468.83
ben_municipios_especie_2025.xlsx,Valor_Total_2025,2308609,Monsenhor Tabosa,Benefícios do Regime Geral de Previdência Social | Aposentadorias | Aposentadorias por idade,40549693.65
ben_municipios_especie_2025.xlsx,Valor_Total_2025,2310506,Pedra Branca,Benefícios do Regime Geral de Previdência Social | Aposentadorias | Aposentadorias por idade,117504229.87
ben_municipios_especie_2025.xlsx,Valor_Total_2025,2311306,Quixadá,Benefícios do Regime Geral de Previdência Social | Aposentadorias | Aposentadorias por idade,169559501.55
ben_municipios_especie_2025.xlsx,Valor_Total_2025,2311405,Quixeramobim,Benefícios do Regime Geral de Previdência Social | Aposentadorias | Aposentadorias por idade,159850989.03
ben_municipios_especie_2025.xlsx,Valor_Total_2025,2313203,Tamboril,Benefícios do Regime Geral de Previdência Social | Aposentadorias | Aposentadorias por idade,85004129.91
ben_municipios_especie_2025.xlsx,Valor_Total_2025,2301851,Banabuiú,Benefícios do Regime Geral de Previdência Social | Aposentadorias | Aposentadorias por idade,37768786.13
ben_municipios_especie_2025.xlsx,Valor_Total_2025,2307635,Madalena,Benefícios do Regime Geral de Previdência Social | Aposentadorias | Aposentadorias por idade,33317278.85
ben_municipios_especie_2025.xlsx,Valor_Total_2025,2305266,Ibaretama,Benefícios do Regime Geral de Previdência Social | Aposentadorias | Aposentadorias por idade,20566199.57
ben_municipios_especie_2025.xlsx,Valor_Total_2025,2303931,Choró,Benefícios do Regime Geral de Previdência Social | Aposentadorias | Aposentadorias por idade,22742384.59
ben_municipios_especie_2025.xlsx,Valor_Total_2025,2302404,Boa Viagem,Benefícios do Regime Geral de Previdência Social | Aposentadorias | Aposentadorias por invalidez,12437986.81
ben_municipios_especie_2025.xlsx,Valor_Total_2025,2302800,Canindé,Benefícios do Regime Geral de Previdência Social | Aposentadorias | Aposentadorias por invalidez,15052854.01
ben_municipios_especie_2025.xlsx,Valor_Total_2025,2308609,Monsenhor Tabosa,Benefícios do Regime Geral de Previdência Social | Aposentadorias | Aposentadorias por invalidez,1990303.1
ben_municipios_especie_2025.xlsx,Valor_Total_2025,2310506,Pedra Branca,Benefícios do Regime Geral de Previdência Social | Aposentadorias | Aposentadorias por invalidez,7144405.61
ben_municipios_especie_2025.xlsx,Valor_Total_2025,2311306,Quixadá,Benefícios do Regime Geral de Previdência Social | Aposentadorias | Aposentadorias por invalidez,26583469.72
ben_municipios_especie_2025.xlsx,Valor_Total_2025,2311405,Quixeramobim,Benefícios do Regime Geral de Previdência Social | Aposentadorias | Aposentadorias por invalidez,14448727.12
ben_municipios_especie_2025.xlsx,Valor_Total_2025,2313203,Tamboril,Benefícios do Regime Geral de Previdência Social | Aposentadorias | Aposentadorias por invalidez,4797916.37
ben_municipios_especie_2025.xlsx,Valor_Total_2025,2301851,Banabuiú,Benefícios do Regime Geral de Previdência Social | Aposentadorias | Aposentadorias por invalidez,3176289.74
ben_municipios_especie_2025.xlsx,Valor_Total_2025,2307635,Madalena,Benefícios do Regime Geral de Previdência Social | Aposentadorias | Aposentadorias por invalidez,2008074.74
ben_municipios_especie_2025.xlsx,Valor_Total_2025,2305266,Ibaretama,Benefícios do Regime Geral de Previdência Social | Aposentadorias | Aposentadorias por invalidez,1026930.84
ben_municipios_especie_2025.xlsx,Valor_Total_2025,2303931,Choró,Benefícios do Regime Geral de Previdência Social | Aposentadorias | Aposentadorias por invalidez,1327293.46
ben_municipios_especie_2025.xlsx,Valor_Total_2025,2302404,Boa Viagem,Benefícios do Regime Geral de Previdência Social | Aposentadorias | Aposentadorias por tempo de contribuição,6869860.84
ben_municipios_especie_2025.xlsx,Valor_Total_2025,2302800,Canindé,Benefícios do Regime Geral de Previdência Social | Aposentadorias | Aposentadorias por tempo de contribuição,12766604.87
ben_municipios_especie_2025.xlsx,Valor_Total_2025,2308609,Monsenhor Tabosa,Benefícios do Regime Geral de Previdência Social | Aposentadorias | Aposentadorias por tempo de contribuição,3898289.33
ben_municipios_especie_2025.xlsx,Valor_Total_2025,2310506,Pedra Branca,Benefícios do Regime Geral de Previdência Social | Aposentadorias | Aposentadorias por tempo de contribuição,8638771.7
ben_municipios_especie_2025.xlsx,Valor_Total_2025,2311306,Quixadá,Benefícios do Regime Geral de Previdência Social | Aposentadorias | Aposentadorias por tempo de contribuição,17593915.06
ben_municipios_especie_2025.xlsx,Valor_Total_2025,2311405,Quixeramobim,Benefícios do Regime Geral de Previdência Social | Aposentadorias | Aposentadorias por tempo de contribuição,11639167.81
ben_municipios_especie_2025.xlsx,Valor_Total_2025,2313203,Tamboril,Benefícios do Regime Geral de Previdência Social | Aposentadorias | Aposentadorias por tempo de contribuição,5886136.84
ben_municipios_especie_2025.xlsx,Valor_Total_2025,2301851,Banabuiú,Benefícios do Regime Geral de Previdência Social | Aposentadorias | Aposentadorias por tempo de contribuição,3740651.39
ben_municipios_especie_2025.xlsx,Valor_Total_2025,2307635,Madalena,Benefícios do Regime Geral de Previdência Social | Aposentadorias | Aposentadorias por tempo de contribuição,2042484.52
ben_municipios_especie_2025.xlsx,Valor_Total_2025,2305266,Ibaretama,Benefícios do Regime Geral de Previdência Social | Aposentadorias | Aposentadorias por tempo de contribuição,577217.78
ben_municipios_especie_2025.xlsx,Valor_Total_2025,2303931,Choró,Benefícios do Regime Geral de Previdência Social | Aposentadorias | Aposentadorias por tempo de contribuição,134000.24
ben_municipios_especie_2025.xlsx,Valor_Total_2025,2302404,Boa Viagem,Benefícios do Regime Geral de Previdência Social | Pensões por morte,55014552.0
ben_municipios_especie_2025.xlsx,Valor_Total_2025,2302800,Canindé,Benefícios do Regime Geral de Previdência Social | Pensões por morte,88212679.88
ben_municipios_especie_2025.xlsx,Valor_Total_2025,2308609,Monsenhor Tabosa,Benefícios do Regime Geral de Previdência Social | Pensões por morte,13493160.98
ben_municipios_especie_2025.xlsx,Valor_Total_2025,2310506,Pedra Branca,Benefícios do Regime Geral de Previdência Social | Pensões por morte,40550297.24
ben_municipios_especie_2025.xlsx,Valor_Total_2025,2311306,Quixadá,Benefícios do Regime Geral de Previdência Social | Pensões por morte,75863341.46
ben_municipios_especie_2025.xlsx,Valor_Total_2025,2311405,Quixeramobim,Benefícios do Regime Geral de Previdência Social | Pensões por morte,60872172.92
ben_municipios_especie_2025.xlsx,Valor_Total_2025,2313203,Tamboril,Benefícios do Regime Geral de Previdência Social | Pensões por morte,27288048.4
ben_municipios_especie_2025.xlsx,Valor_Total_2025,2301851,Banabuiú,Benefícios do Regime Geral de Previdência Social | Pensões por morte,12160886.44
ben_municipios_especie_2025.xlsx,Valor_Total_2025,2307635,Madalena,Benefícios do Regime Geral de Previdência Social | Pensões por morte,9876817.39
ben_municipios_especie_2025.xlsx,Valor_Total_2025,2305266,Ibaretama,Benefícios do Regime Geral de Previdência Social | Pensões por morte,6012606.2
ben_municipios_especie_2025.xlsx,Valor_Total_2025,2303931,Choró,Benefícios do Regime Geral de Previdência Social | Pensões por morte,5775588.86
ben_municipios_especie_2025.xlsx,Valor_Total_2025,2302404,Boa Viagem,Benefícios do Regime Geral de Previdência Social | Auxílios,14361512.0
ben_municipios_especie_2025.xlsx,Valor_Total_2025,2302800,Canindé,Benefícios do Regime Geral de Previdência Social | Auxílios,8368356.800000001
ben_municipios_especie_2025.xlsx,Valor_Total_2025,2308609,Monsenhor Tabosa,Benefícios do Regime Geral de Previdência Social | Auxílios,1659298.31
ben_municipios_especie_2025.xlsx,Valor_Total_2025,2310506,Pedra Branca,Benefícios do Regime Geral de Previdência Social | Auxílios,6033527.26
ben_municipios_especie_2025.xlsx,Valor_Total_2025,2311306,Quixadá,Benefícios do Regime Geral de Previdência Social | Auxílios,18350832.31
ben_municipios_especie_2025.xlsx,Valor_Total_2025,2311405,Quixeramobim,Benefícios do Regime Geral de Previdência Social | Auxílios,12628354.209999999
ben_municipios_especie_2025.xlsx,Valor_Total_2025,2313203,Tamboril,Benefícios do Regime Geral de Previdência Social | Auxílios,3335509.89
ben_municipios_especie_2025.xlsx,Valor_Total_2025,2301851,Banabuiú,Benefícios do Regime Geral de Previdência Social | Auxílios,2595826.92
ben_municipios_especie_2025.xlsx,Valor_Total_2025,2307635,Madalena,Benefícios do Regime Geral de Previdência Social | Auxílios,1362408.3399999999
ben_municipios_especie_2025.xlsx,Valor_Total_2025,2305266,Ibaretama,Benefícios do Regime Geral de Previdência Social | Auxílios,521255.76
ben_municipios_especie_2025.xlsx,Valor_Total_2025,2303931,Choró,Benefícios do Regime Geral de Previdência Social | Auxílios,409645.01999999996
ben_municipios_especie_2025.xlsx,Valor_Total_2025,2302404,Boa Viagem,Benefícios do Regime Geral de Previdência Social | Outros benefícios previdenciários,1006057.2400000001
ben_municipios_especie_2025.xlsx,Valor_Total_2025,2302800,Canindé,Benefícios do Regime Geral de Previdência Social | Outros benefícios previdenciários,1460951.8900000001
ben_municipios_especie_2025.xlsx,Valor_Total_2025,2308609,Monsenhor Tabosa,Benefícios do Regime Geral de Previdência Social | Outros benefícios previdenciários,318369.18
ben_municipios_especie_2025.xlsx,Valor_Total_2025,2310506,Pedra Branca,Benefícios do Regime Geral de Previdência Social | Outros benefícios previdenciários,757924.1499999999
ben_municipios_especie_2025.xlsx,Valor_Total_2025,2311306,Quixadá,Benefícios do Regime Geral de Previdência Social | Outros benefícios previdenciários,1571165.22
ben_municipios_especie_2025.xlsx,Valor_Total_2025,2311405,Quixeramobim,Benefícios do Regime Geral de Previdência Social | Outros benefícios previdenciários,1646115.68
ben_municipios_especie_2025.xlsx,Valor_Total_2025,2313203,Tamboril,Benefícios do Regime Geral de Previdência Social | Outros benefícios previdenciários,487909.45
ben_municipios_especie_2025.xlsx,Valor_Total_2025,2301851,Banabuiú,Benefícios do Regime Geral de Previdência Social | Outros benefícios previdenciários,168565.65000000002
ben_municipios_especie_2025.xlsx,Valor_Total_2025,2307635,Madalena,Benefícios do Regime Geral de Previdência Social | Outros benefícios previdenciários,96765.13
ben_municipios_especie_2025.xlsx,Valor_Total_2025,2305266,Ibaretama,Benefícios do Regime Geral de Previdência Social | Outros benefícios previdenciários,54954.09
ben_municipios_especie_2025.xlsx,Valor_Total_2025,2303931,Choró,Benefícios do Regime Geral de Previdência Social | Outros benefícios previdenciários,28692.14
ben_municipios_especie_2025.xlsx,Valor_Total_2025,2302404,Boa Viagem,Benefícios do Regime Geral de Previdência Social | Total de benefícios previdenciários,252965487.07999998
ben_municipios_especie_2025.xlsx,Valor_Total_2025,2302800,Canindé,Benefícios do Regime Geral de Previdência Social | Total de benefícios previdenciários,384064916.28000003
ben_municipios_especie_2025.xlsx,Valor_Total_2025,2308609,Monsenhor Tabosa,Benefícios do Regime Geral de Previdência Social | Total de benefícios previdenciários,61909114.55
ben_municipios_especie_2025.xlsx,Valor_Total_2025,2310506,Pedra Branca,Benefícios do Regime Geral de Previdência Social | Total de benefícios previdenciários,180629155.83
ben_municipios_especie_2025.xlsx,Valor_Total_2025,2311306,Quixadá,Benefícios do Regime Geral de Previdência Social | Total de benefícios previdenciários,309522225.32
ben_municipios_especie_2025.xlsx,Valor_Total_2025,2311405,Quixeramobim,Benefícios do Regime Geral de Previdência Social | Total de benefícios previdenciários,261085526.77
ben_municipios_especie_2025.xlsx,Valor_Total_2025,2313203,Tamboril,Benefícios do Regime Geral de Previdência Social | Total de benefícios previdenciários,126799650.86
ben_municipios_especie_2025.xlsx,Valor_Total_2025,2301851,Banabuiú,Benefícios do Regime Geral de Previdência Social | Total de benefícios previdenciários,59611006.27
ben_municipios_especie_2025.xlsx,Valor_Total_2025,2307635,Madalena,Benefícios do Regime Geral de Previdência Social | Total de benefícios previdenciários,48703828.970000006
ben_municipios_especie_2025.xlsx,Valor_Total_2025,2305266,Ibaretama,Benefícios do Regime Geral de Previdência Social | Total de benefícios previdenciários,28759164.240000002
ben_municipios_especie_2025.xlsx,Valor_Total_2025,2303931,Choró,Benefícios do Regime Geral de Previdência Social | Total de benefícios previdenciários,30417604.31
ben_municipios_especie_2025.xlsx,Valor_Total_2025,2302404,Boa Viagem,Benefícios assistenciais e de legislação específica,46205530.15
ben_municipios_especie_2025.xlsx,Valor_Total_2025,2302800,Canindé,Benefícios assistenciais e de legislação específica,64696889.970000006
ben_municipios_especie_2025.xlsx,Valor_Total_2025,2308609,Monsenhor Tabosa,Benefícios assistenciais e de legislação específica,8908489.09
ben_municipios_especie_2025.xlsx,Valor_Total_2025,2310506,Pedra Branca,Benefícios assistenciais e de legislação específica,20175358.95
ben_municipios_especie_2025.xlsx,Valor_Total_2025,2311306,Quixadá,Benefícios assistenciais e de legislação específica,99251369.24000001
ben_municipios_especie_2025.xlsx,Valor_Total_2025,2311405,Quixeramobim,Benefícios assistenciais e de legislação específica,63729260.05
ben_municipios_especie_2025.xlsx,Valor_Total_2025,2313203,Tamboril,Benefícios assistenciais e de legislação específica,14257481.46
ben_municipios_especie_2025.xlsx,Valor_Total_2025,2301851,Banabuiú,Benefícios assistenciais e de legislação específica,8471598.590000002
ben_municipios_especie_2025.xlsx,Valor_Total_2025,2307635,Madalena,Benefícios assistenciais e de legislação específica,8734508.57
ben_municipios_especie_2025.xlsx,Valor_Total_2025,2305266,Ibaretama,Benefícios assistenciais e de legislação específica,5513181.13
ben_municipios_especie_2025.xlsx,Valor_Total_2025,2303931,Choró,Benefícios assistenciais e de legislação específica,4853096.71
ben_municipios_especie_2025.xlsx,Valor_Total_2025,2302404,Boa Viagem,Total,299171017.23
ben_municipios_especie_2025.xlsx,Valor_Total_2025,2302800,Canindé,Total,448761806.25
ben_municipios_especie_2025.xlsx,Valor_Total_2025,2308609,Monsenhor Tabosa,Total,70817603.64
ben_municipios_especie_2025.xlsx,Valor_Total_2025,2310506,Pedra Branca,Total,200804514.78
ben_municipios_especie_2025.xlsx,Valor_Total_2025,2311306,Quixadá,Total,408773594.56
ben_municipios_especie_2025.xlsx,Valor_Total_2025,2311405,Quixeramobim,Total,324814786.82
ben_municipios_especie_2025.xlsx,Valor_Total_2025,2313203,Tamboril,Total,141057132.32
ben_municipios_especie_2025.xlsx,Valor_Total_2025,2301851,Banabuiú,Total,68082604.86
ben_municipios_especie_2025.xlsx,Valor_Total_2025,2307635,Madalena,Total,57438337.54
ben_municipios_especie_2025.xlsx,Valor_Total_2025,2305266,Ibaretama,Total,34272345.37
ben_municipios_especie_2025.xlsx,Valor_Total_2025,2303931,Choró,Total,35270701.02
