municipio,bpc_ben_i,bpc_idoso_ben_i,codigo_ibge,bpc_pcd_ben_i,cadun_qtd_familias_cadastradas_i,cadun_qtd_pessoas_cadastradas_pobreza_pbf_i,anomes,cadun_qtd_familias_atualizadas_i,bpc_val_f,cadun_qtd_pessoas_cadastradas_rfpc_ate_meio_sm_i,cadun_qtd_pessoas_cadastradas_i,valor_repassado_bolsa_familia_f,qtd_familias_beneficiarias_bolsa_familia_i,qtd_pessoas_beneficiarias_bolsa_familia_i,populacao_estimada_ibge_ano_i
Banabuiú,432,66.0,2301851,366.0,5676.0,9490.0,202301,4301.0,562474.44,11780.0,13329.0,,,,
Boa Viagem,2122,281.0,2302404,1841.0,16996.0,27632.0,202301,14478.0,2765817.0,33745.0,37821.0,,,,
Canindé,2978,702.0,2302800,2276.0,24821.0,39807.0,202301,19981.0,3878731.0,49643.0,56215.0,,,,
Choró,235,46.0,2303931,189.0,4148.0,7015.0,202301,3411.0,305971.78,8721.0,10290.0,,,,
Ibaretama,262,44.0,2305266,218.0,4826.0,8127.0,202301,4087.0,341125.97,10350.0,11502.0,,,,
Madalena,385,68.0,2307635,317.0,5804.0,9654.0,202301,4776.0,501275.9,12205.0,13899.0,,,,
Monsenhor Tabosa,354,76.0,2308609,278.0,7934.0,11808.0,202301,6543.0,460916.7,13225.0,14863.0,,,,
Pedra Branca,1002,145.0,2310506,857.0,14963.0,22554.0,202301,12235.0,1304633.1,28206.0,32654.0,,,,
Quixadá,5260,1195.0,2311306,4065.0,30793.0,45660.0,202301,25936.0,6848722.5,56259.0,62437.0,,,,
Quixeramobim,3268,933.0,2311405,2335.0,21609.0,34781.0,202301,17492.0,4256328.0,45464.0,51707.0,,,,
Tamboril,638,164.0,2313203,474.0,8324.0,14087.0,202301,7345.0,831986.8,17802.0,21087.0,,,,
Banabuiú,434,66.0,2301851,368.0,5697.0,9517.0,202302,4282.0,565079.2,11789.0,13340.0,,,,
Boa Viagem,2164,283.0,2302404,1881.0,17053.0,27511.0,202302,14299.0,2817905.0,33716.0,37856.0,,,,
Canindé,3003,707.0,2302800,2296.0,24878.0,39763.0,202302,19819.0,3909997.5,49633.0,56248.0,,,,
Choró,238,46.0,2303931,192.0,4165.0,6999.0,202302,3412.0,309878.4,8697.0,10275.0,,,,
Ibaretama,265,48.0,2305266,217.0,4857.0,8155.0,202302,4139.0,345031.7,10382.0,11554.0,,,,
Madalena,389,67.0,2307635,322.0,5826.0,9642.0,202302,4733.0,506484.38,12210.0,13926.0,,,,
Monsenhor Tabosa,353,76.0,2308609,277.0,7990.0,11866.0,202302,6473.0,459616.2,13266.0,14910.0,,,,
Pedra Branca,1007,146.0,2310506,861.0,15020.0,22568.0,202302,12152.0,1312444.4,28195.0,32723.0,,,,
Quixadá,5281,1206.0,2311306,4075.0,30977.0,45706.0,202302,25964.0,6877408.0,56443.0,62692.0,,,,
Quixeramobim,3287,935.0,2311405,2352.0,21831.0,34738.0,202302,17567.0,4281077.0,45494.0,51837.0,,,,
Tamboril,642,163.0,2313203,479.0,8316.0,14112.0,202302,7384.0,835892.06,17775.0,21058.0,,,,
Banabuiú,439,65.0,2301851,374.0,5716.0,9537.0,202303,4300.0,571589.75,11790.0,13354.0,2204815.0,3303.0,8976.0,
Boa Viagem,2195,285.0,2302404,1910.0,17095.0,27533.0,202303,14439.0,2857949.8,33783.0,37949.0,7033537.0,10611.0,26316.0,
Canindé,3023,709.0,2302800,2314.0,24914.0,39835.0,202303,19809.0,3936044.5,49606.0,56288.0,10379459.0,15795.0,38602.0,
Choró,241,47.0,2303931,194.0,4191.0,7021.0,202303,3390.0,313784.56,8676.0,10295.0,1728459.0,2598.0,6901.0,
Ibaretama,264,48.0,2305266,216.0,4870.0,8191.0,202303,4093.0,343730.16,10379.0,11564.0,1910102.0,2815.0,7835.0,
Madalena,391,65.0,2307635,326.0,5857.0,9684.0,202303,4758.0,510388.66,12251.0,13978.0,2471017.0,3689.0,9595.0,
Monsenhor Tabosa,358,78.0,2308609,280.0,8020.0,11870.0,202303,6461.0,466125.7,13265.0,14927.0,3479205.0,5350.0,10859.0,
Pedra Branca,1011,148.0,2310506,863.0,15071.0,22691.0,202303,12275.0,1316351.5,28188.0,32793.0,5825386.0,8972.0,21236.0,
Quixadá,5331,1215.0,2311306,4116.0,31091.0,45722.0,202303,25993.0,6942525.5,56475.0,62801.0,12350274.0,18810.0,43134.0,
Quixeramobim,3299,939.0,2311405,2360.0,21934.0,34502.0,202303,17855.0,4295409.5,45478.0,51904.0,8486670.0,12660.0,33553.0,
Tamboril,651,167.0,2313203,484.0,8267.0,14055.0,202303,7341.0,847608.5,17691.0,20951.0,3263019.0,4921.0,13954.0,
Banabuiú,444,65.0,2301851,379.0,5662.0,9476.0,202304,4443.0,578098.5,11660.0,13199.0,2224446.0,3336.0,9011.0,
Boa Viagem,2233,286.0,2302404,1947.0,16906.0,27344.0,202304,14581.0,2907425.5,33508.0,37649.0,7055378.0,10642.0,26347.0,
Canindé,3062,722.0,2302800,2340.0,24439.0,39627.0,202304,20038.0,3986822.5,49135.0,55486.0,10471576.0,15930.0,38772.0,
Choró,242,48.0,2303931,194.0,4146.0,6920.0,202304,3410.0,316388.7,8545.0,10167.0,1744200.0,2624.0,6930.0,
Ibaretama,267,48.0,2305266,219.0,4785.0,8178.0,202304,4079.0,347634.94,10289.0,11411.0,1915533.0,2823.0,7849.0,
Madalena,398,64.0,2307635,334.0,5810.0,9609.0,202304,4839.0,518199.6,12166.0,13878.0,2488493.0,3713.0,9641.0,
Monsenhor Tabosa,365,80.0,2308609,285.0,7887.0,11831.0,202304,6478.0,475239.7,13176.0,14728.0,3467858.0,5336.0,10810.0,
Pedra Branca,1017,149.0,2310506,868.0,14642.0,22499.0,202304,12391.0,1324162.8,27852.0,32106.0,5874386.0,9049.0,21359.0,
Quixadá,5387,1223.0,2311306,4164.0,30872.0,45389.0,202304,26199.0,7015441.0,56133.0,62312.0,12314683.0,18744.0,42986.0,
Quixeramobim,3319,946.0,2311405,2373.0,21483.0,34190.0,202304,17952.0,4325355.5,44865.0,51053.0,8658875.0,12941.0,33837.0,
Tamboril,657,168.0,2313203,489.0,8243.0,14013.0,202304,7331.0,855421.75,17669.0,20934.0,3247720.0,4905.0,13915.0,
Banabuiú,454,65.0,2301851,389.0,5665.0,9447.0,202305,4521.0,599290.4,11642.0,13200.0,2237792.0,3374.0,9079.0,
Boa Viagem,2269,287.0,2302404,1982.0,16891.0,27339.0,202305,14687.0,2996460.5,33495.0,37590.0,7069143.0,10637.0,26374.0,
Canindé,3069,721.0,2302800,2348.0,24340.0,39662.0,202305,20205.0,4051182.0,49232.0,55320.0,10562813.0,16027.0,39042.0,
Choró,242,47.0,2303931,195.0,4148.0,6935.0,202305,3436.0,319441.84,8630.0,10164.0,1738699.0,2618.0,6909.0,
Ibaretama,265,46.0,2305266,219.0,4796.0,8189.0,202305,4107.0,352441.62,10327.0,11426.0,1924323.0,2836.0,7863.0,
Madalena,401,63.0,2307635,338.0,5797.0,9601.0,202305,4873.0,529323.6,12147.0,13817.0,2485115.0,3714.0,9627.0,
Monsenhor Tabosa,366,79.0,2308609,287.0,7882.0,11816.0,202305,6473.0,483130.5,13156.0,14695.0,3481301.0,5341.0,10843.0,
Pedra Branca,1022,154.0,2310506,868.0,14634.0,22442.0,202305,12355.0,1349067.5,27893.0,32079.0,5911940.0,9106.0,21457.0,
Quixadá,5427,1226.0,2311306,4201.0,30846.0,45430.0,202305,26417.0,7167849.0,56153.0,62231.0,12312617.0,18631.0,42947.0,
Quixeramobim,3318,943.0,2311405,2375.0,21503.0,34350.0,202305,18056.0,4383833.5,45036.0,50985.0,8679992.0,12923.0,33967.0,
Tamboril,674,173.0,2313203,501.0,8224.0,14005.0,202305,7255.0,889687.3,17696.0,20913.0,3224989.0,4859.0,13902.0,
Banabuiú,456,66.0,2301851,390.0,5693.0,8409.0,202306,4563.0,601930.06,10942.0,13234.0,2388740.0,3363.0,9066.0,
Boa Viagem,2294,287.0,2302404,2007.0,16942.0,24158.0,202306,14673.0,3028137.2,31462.0,37688.0,7303890.0,10615.0,26340.0,
Canindé,3093,724.0,2302800,2369.0,24416.0,35353.0,202306,20230.0,4085507.5,45685.0,55407.0,11042802.0,15989.0,38975.0,
Choró,251,47.0,2303931,204.0,4179.0,6305.0,202306,3495.0,331321.84,8083.0,10195.0,1841346.0,2611.0,6913.0,
Ibaretama,263,46.0,2305266,217.0,4810.0,7415.0,202306,4119.0,347161.66,9527.0,11429.0,2029807.0,2838.0,7854.0,
Madalena,409,65.0,2307635,344.0,5799.0,8680.0,202306,4875.0,539883.9,11243.0,13774.0,2579014.0,3698.0,9575.0,
Monsenhor Tabosa,368,80.0,2308609,288.0,7901.0,10668.0,202306,6490.0,487090.66,12160.0,14671.0,3578395.0,5325.0,10817.0,
Pedra Branca,1026,156.0,2310506,870.0,14670.0,19542.0,202306,12315.0,1354347.6,24619.0,32122.0,6161490.0,9079.0,21423.0,
Quixadá,5470,1226.0,2311306,4244.0,30960.0,40144.0,202306,26445.0,7227253.0,52157.0,62347.0,12746447.0,18614.0,42926.0,
Quixeramobim,3336,946.0,2311405,2390.0,21599.0,30464.0,202306,18120.0,4404949.5,41578.0,51116.0,9033998.0,12925.0,33944.0,
Tamboril,687,174.0,2313203,513.0,8216.0,12823.0,202306,7230.0,906847.3,16552.0,20918.0,3401275.0,4837.0,13887.0,
Banabuiú,464,66.0,2301851,398.0,5727.0,8473.0,202307,4602.0,612490.2,10971.0,13278.0,2330571.0,3426.0,9150.0,
Boa Viagem,2341,291.0,2302404,2050.0,16951.0,24179.0,202307,14582.0,3092817.0,31475.0,37703.0,7106893.0,10689.0,26477.0,
Canindé,3133,729.0,2302800,2404.0,24548.0,35600.0,202307,20313.0,4135665.2,45881.0,55581.0,10789490.0,15920.0,38856.0,
Choró,259,49.0,2303931,210.0,4195.0,6335.0,202307,3515.0,341882.5,8105.0,10217.0,1781928.0,2600.0,6892.0,
Ibaretama,270,46.0,2305266,224.0,4811.0,7423.0,202307,4096.0,356401.6,9533.0,11425.0,1979638.0,2828.0,7837.0,
Madalena,415,66.0,2307635,349.0,5806.0,8720.0,202307,4836.0,547803.9,11247.0,13762.0,2507753.0,3684.0,9525.0,
Monsenhor Tabosa,375,80.0,2308609,295.0,7919.0,10686.0,202307,6435.0,495010.66,12174.0,14685.0,3483328.0,5281.0,10701.0,
Pedra Branca,1037,155.0,2310506,882.0,14740.0,19692.0,202307,12336.0,1370188.6,24681.0,32193.0,5856601.0,8907.0,21136.0,
Quixadá,5576,1232.0,2311306,4344.0,31098.0,40504.0,202307,26402.0,7363212.5,52288.0,62470.0,12395259.0,18320.0,42414.0,
Quixeramobim,3392,958.0,2311405,2434.0,21679.0,30642.0,202307,18195.0,4477550.0,41742.0,51241.0,9008273.0,13060.0,34175.0,
Tamboril,704,178.0,2313203,526.0,7952.0,12776.0,202307,7172.0,929287.94,16405.0,20478.0,3303089.0,4765.0,13822.0,
Banabuiú,463,65.0,2301851,398.0,5765.0,8561.0,202308,4644.0,612490.6,10996.0,13306.0,2333652.0,3430.0,9148.0,
Boa Viagem,2385,289.0,2302404,2096.0,16989.0,24351.0,202308,14564.0,3152216.8,31547.0,37750.0,7121003.0,10674.0,26416.0,
Canindé,3174,734.0,2302800,2440.0,24649.0,35942.0,202308,20378.0,4189788.8,46039.0,55666.0,10747505.0,15923.0,38759.0,
Choró,260,49.0,2303931,211.0,4221.0,6380.0,202308,3535.0,343245.12,8123.0,10237.0,1785753.0,2594.0,6881.0,
Ibaretama,273,47.0,2305266,226.0,4819.0,7494.0,202308,4064.0,360361.4,9543.0,11423.0,1982258.0,2826.0,7810.0,
Madalena,427,67.0,2307635,360.0,5825.0,8782.0,202308,4863.0,563643.5,11256.0,13765.0,2520197.0,3686.0,9501.0,
Monsenhor Tabosa,380,81.0,2308609,299.0,7953.0,10772.0,202308,6460.0,501610.4,12177.0,14683.0,3484254.0,5282.0,10686.0,
Pedra Branca,1046,157.0,2310506,889.0,14806.0,19889.0,202308,12444.0,1380746.9,24722.0,32242.0,5899382.0,8901.0,21040.0,
Quixadá,5620,1232.0,2311306,4388.0,31230.0,40965.0,202308,26561.0,7421282.0,52550.0,62606.0,12344789.0,18318.0,42220.0,
Quixeramobim,3417,964.0,2311405,2453.0,21723.0,31020.0,202308,18221.0,4511867.0,41876.0,51307.0,8907939.0,13077.0,34111.0,
Tamboril,714,183.0,2313203,531.0,7836.0,12734.0,202308,7118.0,943807.6,16314.0,20251.0,3292869.0,4731.0,13710.0,
Banabuiú,473,66.0,2301851,407.0,5787.0,8621.0,202309,4674.0,624370.2,11002.0,13341.0,2369698.0,3444.0,9173.0,
Boa Viagem,2403,287.0,2302404,2116.0,17003.0,24383.0,202309,14512.0,3173333.2,31574.0,37786.0,7071680.0,10588.0,26357.0,
Canindé,3206,744.0,2302800,2462.0,24744.0,36153.0,202309,20328.0,4232022.5,46220.0,55806.0,10731957.0,15892.0,38754.0,
Choró,267,50.0,2303931,217.0,4239.0,6393.0,202309,3565.0,352441.84,8133.0,10249.0,1792550.0,2586.0,6869.0,
Ibaretama,273,46.0,2305266,227.0,4820.0,7496.0,202309,4001.0,360361.12,9535.0,11419.0,1994243.0,2831.0,7809.0,
Madalena,429,68.0,2307635,361.0,5839.0,8830.0,202309,4900.0,566283.8,11280.0,13783.0,2514806.0,3682.0,9486.0,
Monsenhor Tabosa,384,78.0,2308609,306.0,7998.0,10834.0,202309,6538.0,506889.88,12209.0,14707.0,3512004.0,5309.0,10749.0,
Pedra Branca,1045,156.0,2310506,889.0,14869.0,20012.0,202309,12523.0,1379427.6,24795.0,32334.0,5892903.0,8890.0,21050.0,
Quixadá,5695,1232.0,2311306,4463.0,31360.0,41261.0,202309,26671.0,7518972.5,52778.0,62823.0,12589393.0,18688.0,43123.0,
Quixeramobim,3457,965.0,2311405,2492.0,21794.0,31225.0,202309,18248.0,4564664.0,42019.0,51439.0,8932612.0,13079.0,34082.0,
Tamboril,731,192.0,2313203,539.0,7866.0,12787.0,202309,7111.0,964928.5,16331.0,20282.0,3284984.0,4715.0,13696.0,
Banabuiú,479,67.0,2301851,412.0,5796.0,8020.0,202310,4702.0,632290.94,10708.0,13352.0,2374952.0,3434.0,9173.0,
Boa Viagem,2461,287.0,2302404,2174.0,16991.0,23354.0,202310,14386.0,3248586.0,30923.0,37781.0,6994093.0,10441.0,26233.0,
Canindé,3244,747.0,2302800,2497.0,24801.0,34894.0,202310,20286.0,4283511.0,45273.0,55878.0,10712835.0,15816.0,38778.0,
Choró,272,49.0,2303931,223.0,4253.0,6218.0,202310,3575.0,359043.12,8024.0,10268.0,1802775.0,2581.0,6864.0,
Ibaretama,276,46.0,2305266,230.0,4836.0,7331.0,202310,3991.0,364321.12,9277.0,11438.0,1980595.0,2815.0,7786.0,
Madalena,441,68.0,2307635,373.0,5836.0,8510.0,202310,4887.0,582124.7,11074.0,13795.0,2512652.0,3668.0,9483.0,
Monsenhor Tabosa,391,79.0,2308609,312.0,8017.0,10605.0,202310,6580.0,516129.88,12036.0,14753.0,3498119.0,5270.0,10698.0,
Pedra Branca,1071,158.0,2310506,913.0,14907.0,19343.0,202310,12477.0,1413750.9,24325.0,32401.0,5867428.0,8850.0,21044.0,
Quixadá,5736,1236.0,2311306,4500.0,31439.0,39588.0,202310,26720.0,7573103.5,52008.0,62952.0,12570535.0,18657.0,43196.0,
Quixeramobim,3486,976.0,2311405,2510.0,21890.0,29981.0,202310,18290.0,4602944.0,41342.0,51623.0,8969310.0,13106.0,34191.0,
Tamboril,740,193.0,2313203,547.0,7874.0,12378.0,202310,7162.0,976811.8,16082.0,20280.0,3306623.0,4742.0,13732.0,
Banabuiú,483,67.0,2301851,416.0,5820.0,8053.0,202311,4692.0,638928.5,10718.0,13376.0,2274479.0,3365.0,9037.0,
Boa Viagem,2490,283.0,2302404,2207.0,16985.0,23440.0,202311,14285.0,3288318.0,30955.0,37804.0,6666010.0,10024.0,25662.0,
Canindé,3260,750.0,2302800,2510.0,24909.0,35218.0,202311,20391.0,4304791.0,45505.0,56066.0,10475547.0,15561.0,38374.0,
Choró,278,51.0,2303931,227.0,4271.0,6231.0,202311,3597.0,366964.38,8031.0,10275.0,1767113.0,2558.0,6829.0,
Ibaretama,278,46.0,2305266,232.0,4863.0,7361.0,202311,3992.0,366962.6,9314.0,11476.0,1946963.0,2779.0,7723.0,
Madalena,444,68.0,2307635,376.0,5803.0,8491.0,202311,4804.0,586100.9,11047.0,13761.0,2450655.0,3604.0,9386.0,
Monsenhor Tabosa,394,79.0,2308609,315.0,8023.0,10635.0,202311,6608.0,520110.1,12050.0,14771.0,3408711.0,5149.0,10578.0,
Pedra Branca,1079,159.0,2310506,920.0,14948.0,19527.0,202311,12590.0,1424405.0,24392.0,32514.0,5718349.0,8678.0,20783.0,
Quixadá,5771,1237.0,2311306,4534.0,31468.0,39848.0,202311,26895.0,7622257.0,52185.0,63078.0,12267096.0,18383.0,42776.0,
Quixeramobim,3534,984.0,2311405,2550.0,21981.0,30142.0,202311,18404.0,4665206.5,41468.0,51712.0,8756237.0,12981.0,34007.0,
Tamboril,745,192.0,2313203,553.0,7887.0,12409.0,202311,7217.0,986083.7,16106.0,20310.0,3223976.0,4686.0,13591.0,
Banabuiú,491,67.0,2301851,424.0,5840.0,8107.0,202312,4724.0,648133.2,10754.0,13400.0,2257644.0,3334.0,8954.0,
Boa Viagem,2537,287.0,2302404,2250.0,17025.0,23607.0,202312,14080.0,3348909.2,31068.0,37878.0,6628749.0,9895.0,25464.0,
Canindé,3316,759.0,2302800,2557.0,24992.0,35537.0,202312,20387.0,4377244.0,45757.0,56199.0,10478447.0,15497.0,38256.0,
Choró,284,50.0,2303931,234.0,4300.0,6283.0,202312,3600.0,374882.78,8065.0,10318.0,1770325.0,2551.0,6806.0,
Ibaretama,281,46.0,2305266,235.0,4869.0,7392.0,202312,3937.0,370922.03,9321.0,11465.0,1961467.0,2779.0,7718.0,
Madalena,449,68.0,2307635,381.0,5797.0,8534.0,202312,4752.0,592685.3,11053.0,13761.0,2404263.0,3518.0,9274.0,
Monsenhor Tabosa,405,81.0,2308609,324.0,8054.0,10677.0,202312,6588.0,534609.6,12040.0,14768.0,3389154.0,5111.0,10540.0,
Pedra Branca,1084,160.0,2310506,924.0,14996.0,19748.0,202312,12553.0,1430912.8,24440.0,32546.0,5712969.0,8621.0,20760.0,
Quixadá,5842,1240.0,2311306,4602.0,31600.0,40229.0,202312,26929.0,7715679.0,52617.0,63331.0,12283981.0,18361.0,42830.0,
Quixeramobim,3583,1000.0,2311405,2583.0,22051.0,30506.0,202312,18402.0,4730990.0,41723.0,51849.0,8771152.0,12980.0,33993.0,
Tamboril,759,194.0,2313203,565.0,7910.0,12495.0,202312,7201.0,1001892.75,16149.0,20350.0,3201967.0,4639.0,13526.0,
Banabuiú,497,64.0,2301851,433.0,5506.0,8079.0,202401,4490.0,701777.2,10646.0,12981.0,2269518.0,3336.0,8941.0,17654.0
Boa Viagem,2553,289.0,2302404,2264.0,16113.0,23240.0,202401,13241.0,3604907.8,30760.0,36747.0,6765652.0,9953.0,25497.0,52169.0
Canindé,3318,759.0,2302800,2559.0,24251.0,35367.0,202401,19909.0,4685137.5,46222.0,55230.0,10512399.0,15515.0,38235.0,77207.0
Choró,284,51.0,2303931,233.0,4235.0,6288.0,202401,3601.0,401011.2,8135.0,10220.0,1768993.0,2554.0,6797.0,12380.0
Ibaretama,281,47.0,2305266,234.0,4526.0,7282.0,202401,3690.0,396774.03,9254.0,11059.0,1971679.0,2780.0,7706.0,12191.0
Madalena,446,67.0,2307635,379.0,5674.0,8521.0,202401,4700.0,629756.56,11166.0,13583.0,2416586.0,3517.0,9272.0,17264.0
Monsenhor Tabosa,410,83.0,2308609,327.0,7775.0,10531.0,202401,6352.0,578929.94,12079.0,14449.0,3410150.0,5122.0,10506.0,17664.0
Pedra Branca,1090,158.0,2310506,932.0,14436.0,19769.0,202401,12149.0,1539113.5,24970.0,31867.0,5711915.0,8606.0,20676.0,42257.0
Quixadá,5886,1234.0,2311306,4652.0,30037.0,39634.0,202401,25743.0,8311319.0,52012.0,61624.0,12334966.0,18427.0,42934.0,88483.0
Quixeramobim,3600,999.0,2311405,2601.0,21495.0,30466.0,202401,18006.0,5084724.0,42010.0,51131.0,8871224.0,13026.0,34080.0,85797.0
Tamboril,765,194.0,2313203,571.0,7734.0,12471.0,202401,7086.0,1080193.8,16312.0,20059.0,3223016.0,4649.0,13516.0,25331.0
Banabuiú,501,63.0,2301851,438.0,5502.0,7818.0,202402,4473.0,707425.8,10478.0,12996.0,2250442.0,3297.0,8810.0,17654.0
Boa Viagem,2588,292.0,2302404,2296.0,16086.0,22521.0,202402,12991.0,3654335.0,30448.0,36771.0,6714584.0,9976.0,25433.0,52169.0
Canindé,3342,764.0,2302800,2578.0,24245.0,34589.0,202402,19894.0,4719039.0,45750.0,55277.0,10644174.0,15618.0,38336.0,77207.0
Choró,287,50.0,2303931,237.0,4250.0,6057.0,202402,3633.0,405247.94,8034.0,10244.0,1773343.0,2562.0,6785.0,12380.0
Ibaretama,286,49.0,2305266,237.0,4594.0,7176.0,202402,3785.0,403836.38,9172.0,11168.0,1964588.0,2792.0,7712.0,12191.0
Madalena,454,67.0,2307635,387.0,5664.0,8236.0,202402,4678.0,641054.4,11067.0,13621.0,2413054.0,3525.0,9268.0,17264.0
Monsenhor Tabosa,414,83.0,2308609,331.0,7795.0,10300.0,202402,6341.0,584577.94,12006.0,14519.0,3394703.0,5120.0,10472.0,17664.0
Pedra Branca,1095,159.0,2310506,936.0,14420.0,19349.0,202402,12146.0,1546174.6,24524.0,31871.0,5762617.0,8649.0,20752.0,42257.0
Quixadá,5941,1235.0,2311306,4706.0,30482.0,38765.0,202402,26359.0,8390449.0,51865.0,62459.0,12342125.0,18498.0,42977.0,88483.0
Quixeramobim,3622,1002.0,2311405,2620.0,21511.0,29453.0,202402,18076.0,5114387.0,41536.0,51281.0,8848543.0,13112.0,34229.0,85797.0
Tamboril,770,197.0,2313203,573.0,7665.0,12212.0,202402,6987.0,1087255.0,16106.0,19955.0,3229647.0,4656.0,13498.0,25331.0
Banabuiú,503,61.0,2301851,442.0,5535.0,7860.0,202403,4515.0,713079.3,10545.0,13048.0,2248220.0,3276.0,8806.0,17654.0
Boa Viagem,2627,296.0,2302404,2331.0,16098.0,22680.0,202403,12943.0,3709409.5,30592.0,36849.0,6698206.0,9964.0,25363.0,52169.0
Canindé,3376,762.0,2302800,2614.0,24283.0,34810.0,202403,19934.0,4768472.0,45849.0,55330.0,10472223.0,15560.0,38274.0,77207.0
Choró,288,49.0,2303931,239.0,4296.0,6123.0,202403,3702.0,406661.97,8064.0,10297.0,1732123.0,2538.0,6740.0,12380.0
Ibaretama,288,48.0,2305266,240.0,4673.0,7219.0,202403,3871.0,408072.9,9212.0,11263.0,1949373.0,2791.0,7716.0,12191.0
Madalena,459,67.0,2307635,392.0,5670.0,8297.0,202403,4643.0,649526.9,11103.0,13637.0,2389027.0,3508.0,9265.0,17264.0
Monsenhor Tabosa,420,85.0,2308609,335.0,7822.0,10358.0,202403,6332.0,593050.5,12086.0,14585.0,3352912.0,5111.0,10478.0,17664.0
Pedra Branca,1120,160.0,2310506,960.0,14462.0,19447.0,202403,12081.0,1581478.6,24503.0,31895.0,5690038.0,8570.0,20607.0,42257.0
Quixadá,6021,1246.0,2311306,4775.0,30905.0,39097.0,202403,26800.0,8504854.0,52289.0,63166.0,12209524.0,18359.0,42736.0,88483.0
Quixeramobim,3668,1009.0,2311405,2659.0,21645.0,29843.0,202403,18230.0,5182181.0,41880.0,51544.0,8758491.0,13077.0,34235.0,85797.0
Tamboril,774,200.0,2313203,574.0,7655.0,12189.0,202403,6796.0,1094315.5,16071.0,19914.0,3186923.0,4637.0,13434.0,25331.0
Banabuiú,504,59.0,2301851,445.0,5519.0,7864.0,202404,4428.0,711668.75,10570.0,13033.0,2243824.0,3274.0,8838.0,17654.0
Boa Viagem,2675,298.0,2302404,2377.0,16084.0,22660.0,202404,12879.0,3777192.5,30592.0,36878.0,6667028.0,9938.0,25441.0,52169.0
Canindé,3394,766.0,2302800,2628.0,24301.0,35053.0,202404,19602.0,4792481.0,45965.0,55419.0,10521224.0,15651.0,38459.0,77207.0
Choró,290,49.0,2303931,241.0,4299.0,6126.0,202404,3701.0,409486.88,8059.0,10299.0,1754935.0,2554.0,6765.0,12380.0
Ibaretama,292,49.0,2305266,243.0,4703.0,7252.0,202404,3888.0,412309.0,9241.0,11300.0,1948742.0,2785.0,7699.0,12191.0
Madalena,466,68.0,2307635,398.0,5686.0,8354.0,202404,4580.0,657997.94,11159.0,13702.0,2371077.0,3495.0,9269.0,17264.0
Monsenhor Tabosa,426,86.0,2308609,340.0,7780.0,10431.0,202404,6275.0,601524.0,12114.0,14621.0,3253810.0,4942.0,10327.0,17664.0
Pedra Branca,1132,159.0,2310506,973.0,14467.0,19564.0,202404,11987.0,1598425.1,24573.0,31937.0,5683142.0,8540.0,20577.0,42257.0
Quixadá,6061,1246.0,2311306,4815.0,30910.0,39194.0,202404,26624.0,8558535.0,52410.0,63270.0,12089606.0,18225.0,42584.0,88483.0
Quixeramobim,3691,1018.0,2311405,2673.0,21736.0,30075.0,202404,18270.0,5211846.0,42091.0,51729.0,8825088.0,13130.0,34469.0,85797.0
Tamboril,780,200.0,2313203,580.0,7656.0,12218.0,202404,6622.0,1101376.2,16098.0,19925.0,3209642.0,4651.0,13416.0,25331.0
Banabuiú,507,59.0,2301851,448.0,5485.0,7865.0,202405,4367.0,715905.25,10577.0,13023.0,2206406.0,3219.0,8747.0,17654.0
Boa Viagem,2725,294.0,2302404,2431.0,15989.0,22709.0,202405,12833.0,3847794.2,30603.0,36822.0,6555505.0,9819.0,25199.0,52169.0
Canindé,3434,769.0,2302800,2665.0,24175.0,35179.0,202405,19437.0,4850385.5,45966.0,55291.0,10620288.0,15722.0,38562.0,77207.0
Choró,293,49.0,2303931,244.0,4300.0,6135.0,202405,3698.0,413723.3,8062.0,10297.0,1727593.0,2519.0,6721.0,12380.0
Ibaretama,301,50.0,2305266,251.0,4699.0,7272.0,202405,3897.0,425017.38,9256.0,11306.0,1934980.0,2764.0,7651.0,12191.0
Madalena,480,68.0,2307635,412.0,5667.0,8374.0,202405,4539.0,679179.5,11176.0,13700.0,2356797.0,3468.0,9205.0,17264.0
Monsenhor Tabosa,430,86.0,2308609,344.0,7689.0,10482.0,202405,6209.0,607172.4,12142.0,14613.0,3166314.0,4715.0,10142.0,17664.0
Pedra Branca,1130,158.0,2310506,972.0,14416.0,19586.0,202405,11961.0,1595602.0,24552.0,31892.0,5656966.0,8471.0,20513.0,42257.0
Quixadá,6122,1254.0,2311306,4868.0,30775.0,39324.0,202405,26533.0,8646111.0,52443.0,63239.0,11974699.0,17904.0,42089.0,88483.0
Quixeramobim,3738,1020.0,2311405,2718.0,21691.0,30235.0,202405,18209.0,5278219.5,42219.0,51737.0,8849245.0,13131.0,34429.0,85797.0
Tamboril,793,200.0,2313203,593.0,7636.0,12178.0,202405,6570.0,1119733.9,16047.0,19870.0,3234145.0,4679.0,13449.0,25331.0
Banabuiú,508,59.0,2301851,449.0,5506.0,7489.0,202406,4406.0,717320.3,10194.0,13042.0,2192091.0,3192.0,8704.0,17654.0
Boa Viagem,2777,296.0,2302404,2481.0,15888.0,21784.0,202406,12851.0,3921220.0,29614.0,36689.0,6574358.0,9787.0,25161.0,52169.0
Canindé,3473,774.0,2302800,2699.0,24170.0,34070.0,202406,19417.0,4904051.5,44544.0,55364.0,10605079.0,15690.0,38483.0,77207.0
Choró,297,49.0,2303931,248.0,4303.0,5963.0,202406,3722.0,419373.7,7749.0,10272.0,1721455.0,2499.0,6686.0,12380.0
Ibaretama,308,48.0,2305266,260.0,4731.0,7068.0,202406,3951.0,434902.7,8970.0,11341.0,1932096.0,2749.0,7611.0,12191.0
Madalena,494,67.0,2307635,427.0,5676.0,8074.0,202406,4454.0,697536.56,10860.0,13722.0,2360470.0,3470.0,9202.0,17264.0
Monsenhor Tabosa,448,87.0,2308609,361.0,7624.0,10285.0,202406,6166.0,632589.3,11887.0,14644.0,3105278.0,4593.0,10151.0,17664.0
Pedra Branca,1134,156.0,2310506,978.0,14392.0,18912.0,202406,11976.0,1602666.9,23672.0,31926.0,5639938.0,8433.0,20463.0,42257.0
Quixadá,6185,1253.0,2311306,4932.0,30757.0,37857.0,202406,26640.0,8735070.0,50867.0,63261.0,12010253.0,17842.0,41814.0,88483.0
Quixeramobim,3789,1023.0,2311405,2766.0,21727.0,28672.0,202406,18192.0,5350236.0,40947.0,51839.0,8902037.0,13182.0,34493.0,85797.0
Tamboril,807,198.0,2313203,609.0,7616.0,11826.0,202406,6524.0,1139502.1,15632.0,19820.0,3212813.0,4667.0,13357.0,25331.0
Banabuiú,513,59.0,2301851,454.0,5304.0,7483.0,202407,4398.0,724381.25,10110.0,12613.0,2180454.0,3178.0,8608.0,17654.0
Boa Viagem,2816,294.0,2302404,2522.0,15604.0,21773.0,202407,12864.0,3976286.8,29546.0,36204.0,6504702.0,9745.0,24960.0,52169.0
Canindé,3500,775.0,2302800,2725.0,23127.0,34221.0,202407,19425.0,4942186.5,44392.0,53538.0,10404264.0,15493.0,38167.0,77207.0
Choró,295,49.0,2303931,246.0,4161.0,5937.0,202407,3737.0,417961.75,7710.0,10025.0,1732865.0,2506.0,6610.0,12380.0
Ibaretama,310,49.0,2305266,261.0,4605.0,7085.0,202407,3981.0,437726.53,8949.0,11105.0,1938762.0,2737.0,7569.0,12191.0
Madalena,496,66.0,2307635,430.0,5492.0,8091.0,202407,4456.0,700361.25,10843.0,13440.0,2354710.0,3463.0,9123.0,17264.0
Monsenhor Tabosa,457,86.0,2308609,371.0,7322.0,10335.0,202407,6138.0,645296.7,11883.0,14287.0,2972665.0,4372.0,9978.0,17664.0
Pedra Branca,1138,155.0,2310506,983.0,13745.0,18897.0,202407,11963.0,1606904.1,23537.0,30850.0,5578370.0,8380.0,20312.0,42257.0
Quixadá,6224,1254.0,2311306,4970.0,30140.0,37983.0,202407,26801.0,8788734.0,50791.0,62328.0,12027510.0,17904.0,41876.0,88483.0
Quixeramobim,3820,1026.0,2311405,2794.0,21096.0,28972.0,202407,18314.0,5395430.0,41025.0,50629.0,8729091.0,13101.0,34154.0,85797.0
Tamboril,811,199.0,2313203,612.0,7495.0,11801.0,202407,6618.0,1145150.2,15602.0,19596.0,3137615.0,4589.0,13121.0,25331.0
Banabuiú,514,59.0,2301851,455.0,5348.0,7558.0,202408,4405.0,727206.75,10195.0,12694.0,2151884.0,3159.0,8533.0,17654.0
Boa Viagem,2828,293.0,2302404,2535.0,15658.0,21880.0,202408,12756.0,3993238.5,29593.0,36253.0,6498614.0,9742.0,24860.0,52169.0
Canindé,3502,771.0,2302800,2731.0,23242.0,34523.0,202408,19565.0,4947840.0,44639.0,53639.0,10450926.0,15461.0,38064.0,77207.0
Choró,298,50.0,2303931,248.0,4187.0,5966.0,202408,3770.0,420786.2,7729.0,10043.0,1719370.0,2495.0,6568.0,12380.0
Ibaretama,311,50.0,2305266,261.0,4652.0,7123.0,202408,4019.0,439140.7,8973.0,11163.0,1934334.0,2744.0,7560.0,12191.0
Madalena,496,65.0,2307635,431.0,5500.0,8138.0,202408,4446.0,700362.1,10869.0,13454.0,2344524.0,3460.0,9111.0,17264.0
Monsenhor Tabosa,462,86.0,2308609,376.0,7288.0,10419.0,202408,6088.0,652357.06,11933.0,14338.0,2902263.0,4261.0,9917.0,17664.0
Pedra Branca,1143,158.0,2310506,985.0,13774.0,19040.0,202408,11950.0,1613967.4,23553.0,30825.0,5581073.0,8366.0,20251.0,42257.0
Quixadá,6221,1249.0,2311306,4972.0,30265.0,38296.0,202408,26774.0,8787343.0,51002.0,62448.0,11932086.0,17888.0,41753.0,88483.0
Quixeramobim,3830,1029.0,2311405,2801.0,21231.0,29411.0,202408,18369.0,5410961.5,41299.0,50778.0,8745684.0,13116.0,34137.0,85797.0
Tamboril,817,201.0,2313203,616.0,7514.0,11816.0,202408,6671.0,1153623.9,15621.0,19591.0,3127069.0,4559.0,13043.0,25331.0
Banabuiú,517,60.0,2301851,457.0,5325.0,7404.0,202409,4437.0,730032.9,10044.0,12630.0,2151370.0,3158.0,8515.0,17654.0
Boa Viagem,2851,297.0,2302404,2554.0,15621.0,21183.0,202409,12844.0,4025722.8,29117.0,36112.0,6562967.0,9732.0,24761.0,52169.0
Canindé,3530,776.0,2302800,2754.0,23127.0,33826.0,202409,19788.0,4984562.0,44090.0,53349.0,10465732.0,15472.0,37963.0,77207.0
Choró,305,53.0,2303931,252.0,4182.0,5853.0,202409,3782.0,432083.44,7633.0,9992.0,1704762.0,2488.0,6543.0,12380.0
Ibaretama,313,50.0,2305266,263.0,4663.0,6994.0,202409,4084.0,441964.78,8874.0,11147.0,1942607.0,2742.0,7537.0,12191.0
Madalena,506,65.0,2307635,441.0,5471.0,8005.0,202409,4480.0,714483.6,10742.0,13396.0,2329687.0,3443.0,9068.0,17264.0
Monsenhor Tabosa,464,86.0,2308609,378.0,7235.0,10208.0,202409,6106.0,656594.4,11762.0,14298.0,2929779.0,4239.0,9939.0,17664.0
Pedra Branca,1150,159.0,2310506,991.0,13723.0,18589.0,202409,12007.0,1623853.5,23261.0,30712.0,5564039.0,8332.0,20130.0,42257.0
Quixadá,6254,1260.0,2311306,4994.0,29876.0,37313.0,202409,26901.0,8831125.0,50337.0,61936.0,11961450.0,17903.0,41719.0,88483.0
Quixeramobim,3847,1034.0,2311405,2813.0,21098.0,28580.0,202409,18486.0,5432153.5,40704.0,50509.0,8788516.0,13118.0,34076.0,85797.0
Tamboril,820,201.0,2313203,619.0,7567.0,11639.0,202409,6820.0,1157860.6,15518.0,19671.0,3113305.0,4538.0,12971.0,25331.0
Banabuiú,521,61.0,2301851,460.0,5364.0,7443.0,202410,4392.0,737092.6,10089.0,12690.0,2158623.0,3193.0,8556.0,17654.0
Boa Viagem,2858,294.0,2302404,2564.0,15689.0,21282.0,202410,12881.0,4035609.0,29217.0,36213.0,6423574.0,9718.0,24645.0,52169.0
Canindé,3540,772.0,2302800,2768.0,23227.0,34024.0,202410,19797.0,4998683.5,44255.0,53469.0,10466731.0,15560.0,38046.0,77207.0
Choró,304,53.0,2303931,251.0,4197.0,5861.0,202410,3788.0,429259.03,7646.0,10009.0,1736565.0,2525.0,6574.0,12380.0
Ibaretama,315,52.0,2305266,263.0,4702.0,7055.0,202410,4091.0,444790.2,8897.0,11193.0,1926193.0,2753.0,7565.0,12191.0
Madalena,508,65.0,2307635,443.0,5476.0,8020.0,202410,4508.0,717308.8,10771.0,13415.0,2342322.0,3457.0,9082.0,17264.0
Monsenhor Tabosa,468,86.0,2308609,382.0,7290.0,10297.0,202410,6198.0,660830.0,11846.0,14450.0,2905205.0,4295.0,10051.0,17664.0
Pedra Branca,1149,158.0,2310506,991.0,13794.0,18607.0,202410,12036.0,1623851.9,23322.0,30837.0,5537513.0,8353.0,20176.0,42257.0
Quixadá,6268,1257.0,2311306,5011.0,30034.0,37533.0,202410,27024.0,8852327.0,50547.0,62186.0,11869315.0,17934.0,41777.0,88483.0
Quixeramobim,3861,1032.0,2311405,2829.0,21259.0,28830.0,202410,18572.0,5453343.0,40916.0,50763.0,8705123.0,13120.0,34070.0,85797.0
Tamboril,832,203.0,2313203,629.0,7618.0,11707.0,202410,6927.0,1174807.5,15594.0,19771.0,3117550.0,4549.0,12987.0,25331.0
Banabuiú,523,61.0,2301851,462.0,5444.0,7471.0,202411,4465.0,738548.2,10153.0,12790.0,2185685.0,3221.0,8594.0,17654.0
Boa Viagem,2878,295.0,2302404,2583.0,15743.0,21310.0,202411,12962.0,4064004.0,29277.0,36312.0,6461388.0,9783.0,24737.0,52169.0
Canindé,3712,831.0,2302800,2881.0,23356.0,34196.0,202411,19969.0,5241742.0,44409.0,53650.0,10455777.0,15561.0,38031.0,77207.0
Choró,302,52.0,2303931,250.0,4215.0,5889.0,202411,3791.0,426444.62,7671.0,10044.0,1721840.0,2534.0,6588.0,12380.0
Ibaretama,320,51.0,2305266,269.0,4728.0,7076.0,202411,4116.0,451859.22,8906.0,11201.0,1934119.0,2768.0,7576.0,12191.0
Madalena,519,66.0,2307635,453.0,5498.0,8087.0,202411,4700.0,732862.44,10860.0,13462.0,2344795.0,3470.0,9119.0,17264.0
Monsenhor Tabosa,474,86.0,2308609,388.0,7401.0,10411.0,202411,6340.0,669327.25,11920.0,14644.0,2912654.0,4302.0,10115.0,17664.0
Pedra Branca,1160,155.0,2310506,1005.0,14007.0,18722.0,202411,12292.0,1638072.9,23442.0,31237.0,5598293.0,8361.0,20152.0,42257.0
Quixadá,6345,1261.0,2311306,5084.0,30272.0,37701.0,202411,27296.0,8959974.0,50766.0,62525.0,11920528.0,17938.0,41757.0,88483.0
Quixeramobim,3901,1031.0,2311405,2870.0,21418.0,29053.0,202411,18644.0,5508641.0,41053.0,50983.0,8772720.0,13193.0,34194.0,85797.0
Tamboril,834,198.0,2313203,636.0,7652.0,11739.0,202411,7031.0,1177662.2,15648.0,19829.0,3144104.0,4573.0,13027.0,25331.0
Banabuiú,528,61.0,2301851,467.0,5532.0,7428.0,202412,4534.0,745564.2,10103.0,12903.0,2181907.0,3238.0,8582.0,17654.0
Boa Viagem,2923,298.0,2302404,2625.0,15872.0,20735.0,202412,13224.0,4127400.0,28973.0,36518.0,6418740.0,9769.0,24690.0,52169.0
Canindé,3959,916.0,2302800,3043.0,23558.0,33636.0,202412,20332.0,5590326.5,43926.0,53946.0,10482523.0,15685.0,38179.0,77207.0
Choró,309,52.0,2303931,257.0,4241.0,5792.0,202412,3827.0,436322.12,7648.0,10082.0,1724029.0,2545.0,6598.0,12380.0
Ibaretama,331,54.0,2305266,277.0,4784.0,7024.0,202412,4188.0,467383.84,8873.0,11252.0,1936510.0,2773.0,7566.0,12191.0
Madalena,526,66.0,2307635,460.0,5517.0,7990.0,202412,4761.0,742726.8,10779.0,13500.0,2362704.0,3495.0,9164.0,17264.0
Monsenhor Tabosa,485,85.0,2308609,400.0,7453.0,10239.0,202412,6451.0,684836.1,11754.0,14764.0,2953299.0,4370.0,10272.0,17664.0
Pedra Branca,1175,155.0,2310506,1020.0,14129.0,18443.0,202412,12430.0,1659157.5,23225.0,31497.0,5542298.0,8381.0,20163.0,42257.0
Quixadá,6412,1258.0,2311306,5154.0,30618.0,36966.0,202412,27840.0,9054268.0,50474.0,63135.0,11951061.0,18055.0,41907.0,88483.0
Quixeramobim,3961,1033.0,2311405,2928.0,21668.0,28402.0,202412,18953.0,5594558.0,40639.0,51310.0,8824162.0,13247.0,34237.0,85797.0
Tamboril,842,198.0,2313203,644.0,7696.0,11630.0,202412,7205.0,1188929.0,15564.0,19910.0,3138602.0,4580.0,13006.0,25331.0
Banabuiú,536,63.0,2301851,473.0,5413.0,7484.0,202501,4479.0,813678.75,10190.0,12713.0,2180530.0,3238.0,8565.0,17667.0
Boa Viagem,2946,295.0,2302404,2651.0,15624.0,20789.0,202501,13167.0,4472158.0,29530.0,36132.0,6342636.0,9694.0,24641.0,52133.0
Canindé,4016,924.0,2302800,3092.0,23350.0,33866.0,202501,20340.0,6096508.5,44962.0,53585.0,10426513.0,15624.0,38033.0,77376.0
Choró,309,52.0,2303931,257.0,4176.0,5799.0,202501,3819.0,469075.44,7779.0,9967.0,1701052.0,2531.0,6571.0,12352.0
Ibaretama,335,54.0,2305266,281.0,4714.0,7030.0,202501,4174.0,508545.84,9082.0,11126.0,1925035.0,2772.0,7565.0,12149.0
Madalena,531,65.0,2307635,466.0,5426.0,7982.0,202501,4745.0,806074.56,10882.0,13333.0,2305916.0,3429.0,9114.0,17235.0
Monsenhor Tabosa,500,86.0,2308609,414.0,7281.0,10218.0,202501,6419.0,759016.4,11952.0,14519.0,2851836.0,4226.0,10158.0,17705.0
Pedra Branca,1177,153.0,2310506,1024.0,13893.0,18473.0,202501,12348.0,1786739.8,24030.0,31146.0,5474034.0,8309.0,20070.0,42227.0
Quixadá,6470,1252.0,2311306,5218.0,30064.0,36836.0,202501,27551.0,9821998.0,50814.0,62451.0,11790199.0,17960.0,41776.0,88846.0
Quixeramobim,4010,1037.0,2311405,2973.0,21380.0,28573.0,202501,18888.0,6087397.0,41381.0,50770.0,8661636.0,13127.0,34009.0,86431.0
Tamboril,847,199.0,2313203,648.0,7688.0,11662.0,202501,7227.0,1285770.1,15835.0,19901.0,3131118.0,4573.0,12984.0,25287.0
Banabuiú,530,59.0,2301851,471.0,5435.0,7457.0,202502,4518.0,804574.0,10163.0,12724.0,2184094.0,3251.0,8590.0,17667.0
Boa Viagem,2965,298.0,2302404,2667.0,15615.0,20557.0,202502,13155.0,4501004.0,29314.0,36062.0,6329029.0,9725.0,24674.0,52133.0
Canindé,4026,908.0,2302800,3118.0,23407.0,33954.0,202502,20421.0,6111710.0,44775.0,53550.0,10443193.0,15715.0,38182.0,77376.0
Choró,308,51.0,2303931,257.0,4192.0,5831.0,202502,3839.0,467561.7,7747.0,9995.0,1703581.0,2536.0,6575.0,12352.0
Ibaretama,330,53.0,2305266,277.0,4727.0,6996.0,202502,4213.0,500962.38,9004.0,11113.0,1925075.0,2778.0,7575.0,12149.0
Madalena,539,65.0,2307635,474.0,5427.0,7919.0,202502,4711.0,818218.56,10841.0,13331.0,2304051.0,3436.0,9131.0,17235.0
Monsenhor Tabosa,503,85.0,2308609,418.0,7269.0,10115.0,202502,6419.0,763562.25,11869.0,14530.0,2840478.0,4252.0,10161.0,17705.0
Pedra Branca,1184,151.0,2310506,1033.0,13917.0,18434.0,202502,12281.0,1797369.9,23862.0,31170.0,5473725.0,8322.0,20090.0,42227.0
Quixadá,6467,1247.0,2311306,5220.0,30113.0,36484.0,202502,27627.0,9817517.0,50541.0,62502.0,11815682.0,18020.0,41869.0,88846.0
Quixeramobim,4000,1018.0,2311405,2982.0,21371.0,28380.0,202502,18727.0,6072227.5,41247.0,50690.0,8727052.0,13185.0,34088.0,86431.0
Tamboril,848,195.0,2313203,653.0,7675.0,11494.0,202502,7085.0,1287285.0,15685.0,19857.0,3122589.0,4587.0,13021.0,25287.0
Banabuiú,534,57.0,2301851,477.0,5468.0,7531.0,202503,4578.0,810644.5,10209.0,12755.0,2190062.0,3258.0,8591.0,17667.0
Boa Viagem,2996,302.0,2302404,2694.0,15637.0,20597.0,202503,13261.0,4549596.0,29374.0,36112.0,6296895.0,9702.0,24592.0,52133.0
Canindé,4051,914.0,2302800,3137.0,23503.0,34233.0,202503,20540.0,6149658.0,44948.0,53622.0,10487407.0,15754.0,38260.0,77376.0
Choró,310,50.0,2303931,260.0,4206.0,5882.0,202503,3850.0,470598.47,7801.0,10033.0,1699771.0,2536.0,6589.0,12352.0
Ibaretama,339,53.0,2305266,286.0,4746.0,7008.0,202503,4241.0,514620.22,9030.0,11117.0,1917572.0,2781.0,7567.0,12149.0
Madalena,545,64.0,2307635,481.0,5433.0,7978.0,202503,4720.0,827326.06,10896.0,13361.0,2311556.0,3443.0,9149.0,17235.0
Monsenhor Tabosa,510,86.0,2308609,424.0,7276.0,10214.0,202503,6465.0,774188.4,11942.0,14594.0,2897169.0,4249.0,10227.0,17705.0
Pedra Branca,1185,149.0,2310506,1036.0,13928.0,18550.0,202503,12287.0,1798891.2,23885.0,31167.0,5468902.0,8322.0,20092.0,42227.0
Quixadá,6528,1244.0,2311306,5284.0,30126.0,36626.0,202503,27561.0,9910125.0,50640.0,62519.0,11784157.0,17998.0,41822.0,88846.0
Quixeramobim,4040,1020.0,2311405,3020.0,21445.0,28600.0,202503,18746.0,6134470.5,41348.0,50735.0,8722232.0,13239.0,34165.0,86431.0
Tamboril,859,195.0,2313203,664.0,7674.0,11522.0,202503,6993.0,1303983.6,15678.0,19839.0,3095849.0,4575.0,12988.0,25287.0
Banabuiú,538,57.0,2301851,481.0,,,202504,,816721.06,,,2179728.0,3249.0,8563.0,17667.0
Boa Viagem,3023,312.0,2302404,2711.0,,,202504,,4590591.5,,,6262573.0,9669.0,24489.0,52133.0
Canindé,4080,925.0,2302800,3155.0,,,202504,,6193694.5,,,10502412.0,15765.0,38214.0,77376.0
Choró,311,50.0,2303931,261.0,,,202504,,472118.72,,,1704587.0,2539.0,6600.0,12352.0
Ibaretama,344,54.0,2305266,290.0,,,202504,,522210.44,,,1916011.0,2781.0,7555.0,12149.0
Madalena,548,64.0,2307635,484.0,,,202504,,831880.4,,,2301680.0,3441.0,9142.0,17235.0
Monsenhor Tabosa,518,89.0,2308609,429.0,,,202504,,786341.44,,,2889131.0,4298.0,10313.0,17705.0
Pedra Branca,1205,152.0,2310506,1053.0,,,202504,,1829254.8,,,5494366.0,8316.0,20055.0,42227.0
Quixadá,6580,1253.0,2311306,5327.0,,,202504,,9990624.0,,,11753630.0,17957.0,41670.0,88846.0
Quixeramobim,4072,1031.0,2311405,3041.0,,,202504,,6183059.5,,,8695859.0,13194.0,33945.0,86431.0
Tamboril,862,193.0,2313203,669.0,,,202504,,1308537.8,,,3095006.0,4561.0,12947.0,25287.0
Banabuiú,539,57.0,2301851,482.0,5534.0,7508.0,202505,4570.0,819756.25,10184.0,12835.0,2178158.0,3244.0,8545.0,17667.0
Boa Viagem,3041,312.0,2302404,2729.0,15745.0,20260.0,202505,13240.0,4619422.5,28822.0,36314.0,6250842.0,9657.0,24448.0,52133.0
Canindé,4098,927.0,2302800,3171.0,23824.0,34311.0,202505,21023.0,6227089.0,44433.0,53976.0,10470125.0,15754.0,38164.0,77376.0
Choró,313,50.0,2303931,263.0,4209.0,5824.0,202505,3893.0,475152.94,7693.0,10009.0,1704229.0,2532.0,6570.0,12352.0
Ibaretama,354,56.0,2305266,298.0,4800.0,6879.0,202505,4263.0,537393.25,8854.0,11156.0,1913886.0,2779.0,7548.0,12149.0
Madalena,554,64.0,2307635,490.0,5452.0,7867.0,202505,4763.0,840988.56,10741.0,13388.0,2297150.0,3438.0,9129.0,17235.0
Monsenhor Tabosa,529,90.0,2308609,439.0,7310.0,10091.0,202505,6447.0,803040.6,11720.0,14692.0,2870831.0,4302.0,10332.0,17705.0
Pedra Branca,1214,151.0,2310506,1063.0,14102.0,18470.0,202505,12322.0,1844441.5,23341.0,31484.0,5470026.0,8312.0,20037.0,42227.0
Quixadá,6638,1266.0,2311306,5372.0,30473.0,36205.0,202505,27703.0,10092325.0,50293.0,63073.0,11713067.0,17916.0,41509.0,88846.0
Quixeramobim,4102,1031.0,2311405,3071.0,21730.0,28245.0,202505,18984.0,6234675.5,40923.0,50999.0,8665056.0,13162.0,33847.0,86431.0
Tamboril,867,192.0,2313203,675.0,7720.0,11436.0,202505,6949.0,1316128.4,15409.0,19826.0,3082836.0,4552.0,12924.0,25287.0
Banabuiú,545,57.0,2301851,488.0,5546.0,7481.0,202506,4609.0,827469.6,10178.0,12850.0,2180359.0,3246.0,8551.0,17667.0
Boa Viagem,3054,316.0,2302404,2738.0,15782.0,20108.0,202506,13323.0,4641619.5,28709.0,36394.0,6229531.0,9657.0,24444.0,52133.0
Canindé,4126,930.0,2302800,3196.0,23994.0,34252.0,202506,21409.0,6265688.5,44390.0,54129.0,10440829.0,15748.0,38128.0,77376.0
Choró,316,50.0,2303931,266.0,4241.0,5778.0,202506,3934.0,480056.7,7654.0,10039.0,1698169.0,2530.0,6560.0,12352.0
Ibaretama,360,56.0,2305266,304.0,4830.0,6827.0,202506,4296.0,546500.94,8837.0,11203.0,1910009.0,2778.0,7545.0,12149.0
Madalena,565,66.0,2307635,499.0,5463.0,7821.0,202506,4781.0,859207.94,10717.0,13400.0,2290114.0,3433.0,9114.0,17235.0
Monsenhor Tabosa,540,95.0,2308609,445.0,7330.0,10008.0,202506,6464.0,820557.44,11679.0,14751.0,2853276.0,4313.0,10353.0,17705.0
Pedra Branca,1225,151.0,2310506,1074.0,14205.0,18286.0,202506,12445.0,1861141.0,23285.0,31609.0,5470189.0,8329.0,20075.0,42227.0
Quixadá,6691,1277.0,2311306,5414.0,30620.0,35913.0,202506,27951.0,10167480.0,50097.0,63314.0,11701992.0,17899.0,41441.0,88846.0
Quixeramobim,4126,1036.0,2311405,3090.0,21825.0,28049.0,202506,19133.0,6267683.0,40668.0,51120.0,8626888.0,13142.0,33783.0,86431.0
Tamboril,872,193.0,2313203,679.0,7708.0,11362.0,202506,6970.0,1326709.8,15360.0,19765.0,3076843.0,4547.0,12911.0,25287.0
Banabuiú,546,57.0,2301851,489.0,5541.0,7468.0,202507,4761.0,830382.75,10151.0,12830.0,2145732.0,3173.0,8285.0,17667.0
Boa Viagem,3038,315.0,2302404,2723.0,15761.0,19966.0,202507,13624.0,4623986.0,28567.0,36350.0,6028417.0,9261.0,23264.0,52133.0
Canindé,4119,932.0,2302800,3187.0,24100.0,34102.0,202507,21765.0,6254415.5,44309.0,54203.0,10225158.0,15211.0,36428.0,77376.0
Choró,317,52.0,2303931,265.0,4251.0,5726.0,202507,3934.0,481226.9,7619.0,10029.0,1660896.0,2465.0,6347.0,12352.0
Ibaretama,367,58.0,2305266,309.0,4837.0,6777.0,202507,4353.0,557127.5,8798.0,11189.0,1847334.0,2669.0,7204.0,12149.0
Madalena,564,66.0,2307635,498.0,5463.0,7792.0,202507,4839.0,856170.2,10697.0,13415.0,2250351.0,3351.0,8825.0,17235.0
Monsenhor Tabosa,549,95.0,2308609,454.0,7350.0,10017.0,202507,6545.0,833398.8,11680.0,14792.0,2819348.0,4223.0,10055.0,17705.0
Pedra Branca,1244,151.0,2310506,1093.0,14225.0,18151.0,202507,12595.0,1888461.0,23231.0,31643.0,5308139.0,8033.0,19262.0,42227.0
Quixadá,6697,1269.0,2311306,5428.0,30696.0,35703.0,202507,28411.0,10171269.0,49902.0,63441.0,11270616.0,17116.0,39306.0,88846.0
Quixeramobim,4131,1041.0,2311405,3090.0,21833.0,27915.0,202507,19497.0,6277194.0,40447.0,51109.0,8367715.0,12548.0,31993.0,86431.0
Tamboril,596,152.0,2313203,444.0,7727.0,11331.0,202507,7067.0,904745.5,15298.0,19770.0,3055081.0,4492.0,12597.0,25287.0
Banabuiú,550,57.0,2301851,493.0,5513.0,7421.0,202508,4803.0,834937.44,10109.0,12763.0,2139899.0,3146.0,8224.0,17667.0
Boa Viagem,3042,313.0,2302404,2729.0,15667.0,19854.0,202508,13720.0,4620952.0,28385.0,36161.0,5945271.0,9105.0,22859.0,52133.0
Canindé,4128,931.0,2302800,3197.0,24019.0,33930.0,202508,21842.0,6269588.0,44221.0,53914.0,10092997.0,15086.0,36121.0,77376.0
Choró,315,52.0,2303931,263.0,4220.0,5729.0,202508,3967.0,479706.44,7598.0,9948.0,1647554.0,2451.0,6308.0,12352.0
Ibaretama,367,58.0,2305266,309.0,4834.0,6815.0,202508,4412.0,557126.3,8782.0,11148.0,1852326.0,2682.0,7220.0,12149.0
Madalena,568,67.0,2307635,501.0,5369.0,7772.0,202508,4837.0,862244.25,10656.0,13272.0,2235275.0,3333.0,8793.0,17235.0
Monsenhor Tabosa,553,92.0,2308609,461.0,7279.0,9977.0,202508,6586.0,839470.8,11639.0,14664.0,2819506.0,4230.0,10050.0,17705.0
Pedra Branca,1252,150.0,2310506,1102.0,14132.0,18169.0,202508,12632.0,1900605.0,23152.0,31436.0,5247607.0,7944.0,19091.0,42227.0
Quixadá,6744,1269.0,2311306,5475.0,30652.0,35645.0,202508,28550.0,10245636.0,49810.0,63264.0,11141343.0,16941.0,38908.0,88846.0
Quixeramobim,4134,1035.0,2311405,3099.0,21705.0,27938.0,202508,19735.0,6275677.0,40347.0,50773.0,8423111.0,12707.0,32334.0,86431.0
Tamboril,897,189.0,2313203,708.0,7701.0,11288.0,202508,7127.0,1361683.2,15231.0,19694.0,3029688.0,4453.0,12488.0,25287.0
Banabuiú,553,57.0,2301851,496.0,5531.0,7416.0,202509,4840.0,839493.9,10050.0,12744.0,2136580.0,3138.0,8189.0,17667.0
Boa Viagem,3017,311.0,2302404,2706.0,15716.0,19805.0,202509,13674.0,4581485.5,28284.0,36204.0,5964737.0,9058.0,22741.0,52133.0
Canindé,4110,929.0,2302800,3181.0,24184.0,33866.0,202509,21742.0,6240750.0,44130.0,54051.0,10086844.0,15035.0,35929.0,77376.0
Choró,313,52.0,2303931,261.0,4250.0,5719.0,202509,3970.0,476671.38,7603.0,9985.0,1646400.0,2436.0,6278.0,12352.0
Ibaretama,369,58.0,2305266,311.0,4860.0,6828.0,202509,4454.0,560162.2,8758.0,11145.0,1861321.0,2677.0,7192.0,12149.0
Madalena,572,68.0,2307635,504.0,5374.0,7725.0,202509,4793.0,868315.56,10670.0,13273.0,2228766.0,3314.0,8743.0,17235.0
Monsenhor Tabosa,548,91.0,2308609,457.0,7329.0,10001.0,202509,6585.0,831880.5,11668.0,14723.0,2806804.0,4176.0,9981.0,17705.0
Pedra Branca,1255,148.0,2310506,1107.0,14186.0,18130.0,202509,12620.0,1908196.0,23086.0,31495.0,5350960.0,8064.0,19335.0,42227.0
Quixadá,6726,1266.0,2311306,5460.0,30843.0,35591.0,202509,28465.0,10213762.0,49703.0,63408.0,11323801.0,17141.0,39389.0,88846.0
Quixeramobim,4130,1035.0,2311405,3095.0,21825.0,27973.0,202509,19900.0,6272636.0,40426.0,50968.0,8483722.0,12720.0,32332.0,86431.0
Tamboril,892,190.0,2313203,702.0,7757.0,11324.0,202509,7273.0,1354094.5,15237.0,19759.0,3039131.0,4423.0,12371.0,25287.0
Banabuiú,554,57.0,2301851,497.0,5552.0,7405.0,202510,4857.0,841009.1,10030.0,12763.0,2126561.0,3128.0,8118.0,17667.0
Boa Viagem,2986,307.0,2302404,2679.0,15725.0,19723.0,202510,13574.0,4538980.5,28122.0,36181.0,5933788.0,8986.0,22552.0,52133.0
Canindé,4105,919.0,2302800,3186.0,24231.0,33610.0,202510,21659.0,6237715.5,43994.0,54059.0,10009115.0,14963.0,35746.0,77376.0
Choró,318,51.0,2303931,267.0,4265.0,5633.0,202510,3971.0,482742.34,7551.0,9980.0,1659117.0,2434.0,6262.0,12352.0
Ibaretama,369,58.0,2305266,311.0,4872.0,6803.0,202510,4427.0,560162.3,8729.0,11127.0,1846608.0,2667.0,7156.0,12149.0
Madalena,564,68.0,2307635,496.0,5379.0,7719.0,202510,4781.0,859207.25,10666.0,13285.0,2210844.0,3288.0,8682.0,17235.0
Monsenhor Tabosa,556,91.0,2308609,465.0,7382.0,9994.0,202510,6601.0,844024.6,11699.0,14809.0,2779872.0,4167.0,9978.0,17705.0
Pedra Branca,1246,147.0,2310506,1099.0,14235.0,18076.0,202510,12620.0,1893016.4,23047.0,31563.0,5324767.0,8007.0,19218.0,42227.0
Quixadá,6712,1267.0,2311306,5445.0,30997.0,35638.0,202510,28506.0,10194018.0,49629.0,63519.0,11266094.0,17066.0,39075.0,88846.0
Quixeramobim,4113,1027.0,2311405,3086.0,21896.0,27917.0,202510,19969.0,6249865.0,40438.0,51063.0,8440752.0,12661.0,32160.0,86431.0
Tamboril,892,189.0,2313203,703.0,7797.0,11331.0,202510,7339.0,1354093.4,15229.0,19817.0,3020193.0,4382.0,12281.0,25287.0
Banabuiú,554,56.0,2301851,498.0,5565.0,7398.0,202511,4894.0,841061.44,10023.0,12770.0,2115433.0,3074.0,7924.0,17667.0
Boa Viagem,2975,303.0,2302404,2672.0,15732.0,19582.0,202511,13670.0,4522465.0,27978.0,36155.0,5812872.0,8796.0,21936.0,52133.0
Canindé,4105,916.0,2302800,3189.0,24341.0,33558.0,202511,21923.0,6239544.5,43968.0,54196.0,9897515.0,14780.0,35122.0,77376.0
Choró,326,51.0,2303931,275.0,4266.0,5566.0,202511,3992.0,494902.94,7506.0,9970.0,1625372.0,2400.0,6168.0,12352.0
Ibaretama,373,58.0,2305266,315.0,4887.0,6797.0,202511,4447.0,569302.1,8724.0,11150.0,1840479.0,2639.0,7066.0,12149.0
Madalena,561,67.0,2307635,494.0,5392.0,7697.0,202511,4828.0,851636.7,10627.0,13323.0,2189080.0,3237.0,8501.0,17235.0
Monsenhor Tabosa,558,92.0,2308609,466.0,7431.0,9967.0,202511,6664.0,847098.25,11743.0,14890.0,2791247.0,4164.0,9928.0,17705.0
Pedra Branca,1256,145.0,2310506,1111.0,14273.0,17993.0,202511,12672.0,1908323.0,22949.0,31612.0,5274139.0,7938.0,19020.0,42227.0
Quixadá,6729,1250.0,2311306,5479.0,31143.0,35447.0,202511,28733.0,10218767.0,49530.0,63653.0,11125606.0,16772.0,38068.0,88846.0
Quixeramobim,4126,1020.0,2311405,3106.0,21956.0,27810.0,202511,20090.0,6268386.5,40312.0,51087.0,8345567.0,12483.0,31533.0,86431.0
Tamboril,909,188.0,2313203,721.0,7817.0,11296.0,202511,7432.0,1382978.6,15214.0,19843.0,2993951.0,4342.0,12121.0,25287.0
Banabuiú,553,54.0,2301851,499.0,5569.0,7416.0,202512,5131.0,839489.7,10011.0,12755.0,2093583.0,3067.0,7921.0,17667.0
Boa Viagem,2956,301.0,2302404,2655.0,15709.0,19624.0,202512,14262.0,4491916.0,27868.0,36049.0,5701719.0,8588.0,21644.0,52133.0
Canindé,4087,912.0,2302800,3175.0,24442.0,33648.0,202512,22818.0,6214953.0,44028.0,54295.0,10086952.0,14994.0,35740.0,77376.0
Choró,320,50.0,2303931,270.0,4275.0,5530.0,202512,4126.0,485778.75,7463.0,9950.0,1602313.0,2375.0,6117.0,12352.0
Ibaretama,370,57.0,2305266,313.0,4880.0,6778.0,202512,4611.0,561680.4,8720.0,11139.0,1859794.0,2664.0,7126.0,12149.0
Madalena,559,67.0,2307635,492.0,5365.0,7696.0,202512,5076.0,848580.2,10595.0,13271.0,2165612.0,3212.0,8472.0,17235.0
Monsenhor Tabosa,557,92.0,2308609,465.0,7477.0,10007.0,202512,6840.0,847061.06,11762.0,14957.0,2841041.0,4252.0,10171.0,17705.0
Pedra Branca,1253,147.0,2310506,1106.0,14297.0,17999.0,202512,13380.0,1903640.2,22942.0,31561.0,5280053.0,7929.0,19001.0,42227.0
Quixadá,6760,1253.0,2311306,5507.0,31229.0,35445.0,202512,29354.0,10279028.0,49513.0,63744.0,11127394.0,16744.0,38138.0,88846.0
Quixeramobim,4128,1019.0,2311405,3109.0,22011.0,27921.0,202512,21056.0,6271110.5,40377.0,51109.0,8406592.0,12561.0,31718.0,86431.0
Tamboril,906,187.0,2313203,719.0,7799.0,11271.0,202512,7586.0,1375340.0,15219.0,19774.0,3006362.0,4360.0,12144.0,25287.0
Banabuiú,551,53.0,2301851,498.0,5571.0,7392.0,202601,5124.0,896449.44,10108.0,12756.0,2113443.0,3058.0,7888.0,17679.0
Boa Viagem,2946,298.0,2302404,2648.0,15738.0,19553.0,202601,14303.0,4804799.0,28274.0,36079.0,5873132.0,8627.0,21643.0,52100.0
Canindé,4070,904.0,2302800,3166.0,24483.0,33404.0,202601,22798.0,6627568.5,44778.0,54336.0,10126199.0,14985.0,35706.0,77536.0
Choró,317,50.0,2303931,267.0,4283.0,5500.0,202601,4115.0,518739.12,7542.0,9953.0,1590496.0,2354.0,6047.0,12325.0
Ibaretama,371,57.0,2305266,314.0,4886.0,6773.0,202601,4605.0,604653.1,8877.0,11154.0,1845684.0,2655.0,7102.0,12109.0
Madalena,555,66.0,2307635,489.0,5373.0,7619.0,202601,5066.0,901296.56,10690.0,13304.0,2169745.0,3219.0,8476.0,17207.0
Monsenhor Tabosa,556,93.0,2308609,463.0,7494.0,9986.0,202601,6842.0,902914.94,11987.0,14973.0,2836485.0,4249.0,10168.0,17675.0
Pedra Branca,1261,150.0,2310506,1111.0,14334.0,17923.0,202601,13376.0,2052254.8,23629.0,31629.0,5281151.0,7923.0,18994.0,42198.0
Quixadá,6761,1255.0,2311306,5506.0,31339.0,35319.0,202601,29314.0,10976435.0,50128.0,63849.0,11158819.0,16727.0,38062.0,89190.0
Quixeramobim,4130,1016.0,2311405,3114.0,22047.0,27777.0,202601,21021.0,6701464.0,40911.0,51174.0,8434996.0,12564.0,31745.0,87030.0
Tamboril,905,187.0,2313203,718.0,7802.0,11253.0,202601,7580.0,1470280.2,15435.0,19778.0,3040944.0,4361.0,12147.0,25314.0
Banabuiú,536,52.0,2301851,484.0,5632.0,7446.0,202602,5101.0,883480.4,10160.0,12846.0,2095840.0,3060.0,7890.0,17679.0
Boa Viagem,2918,294.0,2302404,2624.0,15786.0,19525.0,202602,14327.0,4765883.5,28184.0,36122.0,5929758.0,8814.0,21882.0,52100.0
Canindé,4026,891.0,2302800,3135.0,24710.0,33453.0,202602,22794.0,6588015.0,44887.0,54592.0,10083650.0,14968.0,35663.0,77536.0
Choró,310,50.0,2303931,260.0,4297.0,5446.0,202602,4093.0,502529.12,7460.0,9936.0,1592734.0,2351.0,6025.0,12325.0
Ibaretama,371,55.0,2305266,316.0,4922.0,6751.0,202602,4551.0,603032.1,8859.0,11199.0,1843437.0,2654.0,7100.0,12109.0
Madalena,551,65.0,2307635,486.0,5398.0,7568.0,202602,5029.0,894813.1,10686.0,13342.0,2169078.0,3216.0,8472.0,17207.0
Monsenhor Tabosa,555,93.0,2308609,462.0,7548.0,9976.0,202602,6854.0,902914.4,11949.0,15044.0,2822836.0,4230.0,10121.0,17675.0
Pedra Branca,1225,147.0,2310506,1078.0,14451.0,18177.0,202602,13362.0,2005244.6,23705.0,31768.0,5239745.0,7900.0,18952.0,42198.0
Quixadá,6740,1250.0,2311306,5490.0,31542.0,35222.0,202602,28386.0,11005618.0,50141.0,64066.0,11065836.0,16704.0,37951.0,89190.0
Quixeramobim,4070,1006.0,2311405,3064.0,22208.0,27830.0,202602,20873.0,6641479.0,40967.0,51398.0,8304271.0,12504.0,31636.0,87030.0
Tamboril,886,183.0,2313203,703.0,7793.0,11098.0,202602,7456.0,1450827.0,15340.0,19718.0,3049948.0,4401.0,12219.0,25314.0
Banabuiú,544,54.0,2301851,490.0,5653.0,7453.0,202603,5017.0,881856.8,10172.0,12873.0,2132640.0,3129.0,7948.0,17679.0
Boa Viagem,2984,300.0,2302404,2684.0,15781.0,19538.0,202603,14219.0,4837206.0,28140.0,36143.0,5792852.0,8729.0,21540.0,52100.0
Canindé,4094,914.0,2302800,3180.0,24814.0,33470.0,202603,22701.0,6636650.0,44856.0,54705.0,9951519.0,14832.0,35197.0,77536.0
Choró,320,52.0,2303931,268.0,4303.0,5436.0,202603,4068.0,518739.5,7469.0,9959.0,1600238.0,2387.0,5982.0,12325.0
Ibaretama,379,59.0,2305266,320.0,4918.0,6751.0,202603,4479.0,614380.1,8818.0,11164.0,1910153.0,2762.0,7205.0,12109.0
Madalena,563,68.0,2307635,495.0,5405.0,7545.0,202603,5017.0,912643.94,10653.0,13334.0,2168137.0,3227.0,8438.0,17207.0
Monsenhor Tabosa,567,94.0,2308609,473.0,7553.0,9987.0,202603,6816.0,919122.4,11953.0,15049.0,2778092.0,4176.0,9993.0,17675.0
Pedra Branca,1248,153.0,2310506,1095.0,14444.0,18238.0,202603,13251.0,2023077.2,23697.0,31757.0,5204942.0,7838.0,18746.0,42198.0
Quixadá,6902,1287.0,2311306,5615.0,31589.0,35093.0,202603,27825.0,11188785.0,50060.0,64044.0,10904378.0,16460.0,37250.0,89190.0
Quixeramobim,4146,1029.0,2311405,3117.0,22241.0,27806.0,202603,20710.0,6720901.0,40871.0,51402.0,8553183.0,12852.0,31846.0,87030.0
Tamboril,908,186.0,2313203,722.0,7760.0,10983.0,202603,7379.0,1471903.8,15249.0,19616.0,2981792.0,4344.0,12011.0,25314.0
Banabuiú,544,55.0,2301851,489.0,5679.0,7439.0,202604,5081.0,883477.4,10125.0,12901.0,2145749.0,3134.0,7956.0,17679.0
Boa Viagem,2968,299.0,2302404,2669.0,15813.0,19481.0,202604,14230.0,4821001.0,27750.0,36167.0,5787793.0,8751.0,21560.0,52100.0
Canindé,4092,921.0,2302800,3171.0,24904.0,33468.0,202604,22892.0,6641511.0,44306.0,54790.0,10457568.0,15684.0,36290.0,77536.0
Choró,318,54.0,2303931,264.0,4324.0,5390.0,202604,4059.0,518742.62,7412.0,9979.0,1600973.0,2390.0,5999.0,12325.0
Ibaretama,367,56.0,2305266,311.0,4931.0,6785.0,202604,4484.0,594929.5,8694.0,11181.0,1913200.0,2769.0,7202.0,12109.0
Madalena,566,68.0,2307635,498.0,5432.0,7454.0,202604,5084.0,919127.44,10604.0,13378.0,2166372.0,3228.0,8430.0,17207.0
Monsenhor Tabosa,572,94.0,2308609,478.0,7572.0,9954.0,202604,6815.0,927229.2,11668.0,15059.0,2829269.0,4254.0,10159.0,17675.0
Pedra Branca,1256,153.0,2310506,1103.0,14506.0,18328.0,202604,13333.0,2037664.9,23336.0,31870.0,5414876.0,8170.0,19297.0,42198.0
Quixadá,6817,1295.0,2311306,5522.0,31728.0,35137.0,202604,28098.0,11065587.0,49788.0,64155.0,11472555.0,17428.0,38389.0,89190.0
Quixeramobim,4060,1030.0,2311405,3030.0,22301.0,27691.0,202604,20856.0,6594462.0,40655.0,51444.0,8574170.0,12885.0,31868.0,87030.0
Tamboril,909,187.0,2313203,722.0,7733.0,10893.0,202604,7397.0,1475146.2,15061.0,19537.0,2953436.0,4312.0,11910.0,25314.0
Banabuiú,545,54.0,2301851,491.0,5706.0,7439.0,202605,5131.0,883477.5,10154.0,12922.0,2132326.0,3133.0,7937.0,17679.0
Boa Viagem,2990,295.0,2302404,2695.0,15875.0,19402.0,202605,14332.0,4853422.5,27698.0,36220.0,5746957.0,8695.0,21394.0,52100.0
Canindé,4106,919.0,2302800,3187.0,25014.0,33445.0,202605,23116.0,6664203.0,44264.0,54892.0,10461724.0,15690.0,36215.0,77536.0
Choró,316,49.0,2303931,267.0,4326.0,5361.0,202605,4064.0,512258.22,7396.0,9955.0,1596300.0,2381.0,5961.0,12325.0
Ibaretama,372,55.0,2305266,317.0,4947.0,6764.0,202605,4468.0,604655.0,8701.0,11193.0,1915337.0,2774.0,7219.0,12109.0
Madalena,564,69.0,2307635,495.0,5435.0,7419.0,202605,5105.0,914264.4,10570.0,13358.0,2157330.0,3222.0,8398.0,17207.0
Monsenhor Tabosa,570,92.0,2308609,478.0,7605.0,9978.0,202605,6860.0,923988.56,11675.0,15097.0,2830949.0,4251.0,10144.0,17675.0
Pedra Branca,1265,159.0,2310506,1106.0,14551.0,18359.0,202605,13375.0,2052250.4,23326.0,31913.0,5420901.0,8183.0,19302.0,42198.0
Quixadá,6845,1301.0,2311306,5544.0,31957.0,35220.0,202605,28207.0,11127175.0,49851.0,64375.0,11501686.0,17435.0,38284.0,89190.0
Quixeramobim,4075,1026.0,2311405,3049.0,22377.0,27714.0,202605,20966.0,6612294.0,40603.0,51528.0,8536293.0,12832.0,31628.0,87030.0
Tamboril,915,188.0,2313203,727.0,7723.0,10824.0,202605,7391.0,1483248.4,15001.0,19496.0,2927031.0,4278.0,11812.0,25314.0
Banabuiú,543,55.0,2301851,488.0,5742.0,7433.0,202606,5148.0,881856.4,10150.0,12939.0,2147157.0,3149.0,7950.0,17679.0
Boa Viagem,3011,297.0,2302404,2714.0,15921.0,19258.0,202606,14330.0,4880976.5,27567.0,36224.0,5800873.0,8748.0,21430.0,52100.0
Canindé,4130,925.0,2302800,3205.0,25159.0,33432.0,202606,23282.0,6706358.0,44271.0,55008.0,10494621.0,15719.0,36196.0,77536.0
Choró,314,48.0,2303931,266.0,4352.0,5343.0,202606,4096.0,509014.16,7407.0,9976.0,1592293.0,2377.0,5936.0,12325.0
Ibaretama,377,55.0,2305266,322.0,4964.0,6784.0,202606,4468.0,611137.2,8725.0,11236.0,1917849.0,2787.0,7233.0,12109.0
Madalena,560,67.0,2307635,493.0,5446.0,7371.0,202606,5139.0,907780.56,10539.0,13369.0,2146091.0,3218.0,8376.0,17207.0
Monsenhor Tabosa,587,94.0,2308609,493.0,7623.0,9405.0,202606,6902.0,951545.56,11350.0,15119.0,2861064.0,4298.0,10201.0,17675.0
Pedra Branca,1268,159.0,2310506,1109.0,14636.0,18393.0,202606,13500.0,2055492.8,23359.0,32006.0,5444836.0,8206.0,19328.0,42198.0
Quixadá,6909,1299.0,2311306,5610.0,32328.0,35332.0,202606,28783.0,11204985.0,49886.0,64706.0,11610238.0,17633.0,38478.0,89190.0
Quixeramobim,4116,1030.0,2311405,3086.0,22475.0,27642.0,202606,21074.0,6677133.0,40462.0,51631.0,8575422.0,12886.0,31649.0,87030.0
Tamboril,923,186.0,2313203,737.0,7723.0,10624.0,202606,7343.0,1497834.8,14936.0,19482.0,2912621.0,4263.0,11765.0,25314.0
Banabuiú,546,56.0,2301851,490.0,5775.0,7425.0,202607,5197.0,885097.56,10162.0,12983.0,2144638.0,3133.0,7861.0,17679.0
Boa Viagem,3039,300.0,2302404,2739.0,15971.0,19156.0,202607,14449.0,4926369.0,27440.0,36221.0,5737574.0,8679.0,21089.0,52100.0
Canindé,4150,925.0,2302800,3225.0,25254.0,33302.0,202607,23273.0,6727427.0,44183.0,55059.0,10535515.0,15750.0,35914.0,77536.0
Choró,316,49.0,2303931,267.0,4362.0,5297.0,202607,4102.0,512257.8,7377.0,9970.0,1588335.0,2365.0,5860.0,12325.0
Ibaretama,380,55.0,2305266,325.0,4974.0,6780.0,202607,4480.0,616000.9,8693.0,11240.0,1928017.0,2795.0,7208.0,12109.0
Madalena,565,68.0,2307635,497.0,5462.0,7303.0,202607,5150.0,915884.25,10515.0,13376.0,2128933.0,3180.0,8230.0,17207.0
Monsenhor Tabosa,589,96.0,2308609,493.0,7649.0,9379.0,202607,6887.0,954787.8,11310.0,15131.0,2736549.0,4148.0,9843.0,17675.0
Pedra Branca,1272,160.0,2310506,1112.0,14689.0,18345.0,202607,13577.0,2061975.5,23324.0,32072.0,5440661.0,8196.0,19212.0,42198.0
Quixadá,6996,1310.0,2311306,5686.0,32214.0,35294.0,202607,29145.0,11344392.0,49647.0,64470.0,11701264.0,17748.0,38181.0,89190.0
Quixeramobim,4156,1030.0,2311405,3126.0,22568.0,27798.0,202607,21146.0,6737107.5,40530.0,51742.0,8538772.0,12766.0,31142.0,87030.0
Tamboril,933,190.0,2313203,743.0,7731.0,10567.0,202607,7386.0,1512426.8,14895.0,19442.0,2868582.0,4209.0,11571.0,25314.0
Banabuiú,547,56.0,2301851,491.0,5805.0,7422.0,202608,5232.0,889961.75,10167.0,12998.0,2152527.0,3147.0,7877.0,17679.0
Boa Viagem,3085,306.0,2302404,2779.0,16055.0,19151.0,202608,14658.0,5017149.0,27401.0,36267.0,5731019.0,8688.0,21002.0,52100.0
Canindé,4182,944.0,2302800,3238.0,25333.0,33135.0,202608,23350.0,6823072.5,44091.0,55107.0,10538638.0,15790.0,35875.0,77536.0
Choró,323,51.0,2303931,272.0,4385.0,5293.0,202608,4122.0,526847.0,7389.0,9993.0,1585438.0,2367.0,5843.0,12325.0
Ibaretama,385,58.0,2305266,327.0,4982.0,6772.0,202608,4499.0,625725.3,8679.0,11235.0,1926194.0,2798.0,7185.0,12109.0
Madalena,582,80.0,2307635,502.0,5476.0,7269.0,202608,5135.0,946681.7,10504.0,13377.0,2123483.0,3179.0,8209.0,17207.0
Monsenhor Tabosa,601,95.0,2308609,506.0,7684.0,9468.0,202608,6924.0,974240.25,11331.0,15126.0,2724147.0,4129.0,9775.0,17675.0
Pedra Branca,1286,163.0,2310506,1123.0,14727.0,18216.0,202608,13627.0,2091152.5,23258.0,32097.0,5446662.0,8207.0,19211.0,42198.0
Quixadá,7142,1356.0,2311306,5786.0,32480.0,35415.0,202608,29665.0,11644267.0,49608.0,64675.0,11809239.0,17928.0,38277.0,89190.0
Quixeramobim,4179,1027.0,2311405,3152.0,22686.0,27852.0,202608,21244.0,6808431.5,40501.0,51810.0,8599406.0,12850.0,31267.0,87030.0
Tamboril,948,190.0,2313203,758.0,7645.0,10529.0,202608,7401.0,1536740.5,14856.0,19339.0,2867027.0,4193.0,11488.0,25314.0
Banabuiú,0,,2301851,,5822.0,7379.0,202609,5232.0,0.0,10160.0,12986.0,2155447.0,3153.0,7871.0,17679.0
Boa Viagem,0,,2302404,,16193.0,19261.0,202609,14898.0,0.0,27403.0,36333.0,5760870.0,8727.0,21019.0,52100.0
Canindé,0,,2302800,,25462.0,33196.0,202609,23448.0,0.0,44073.0,55172.0,10519002.0,15804.0,35833.0,77536.0
Choró,0,,2303931,,4414.0,5276.0,202609,4153.0,0.0,7385.0,10011.0,1585650.0,2374.0,5851.0,12325.0
Ibaretama,0,,2305266,,4997.0,6789.0,202609,4515.0,0.0,8680.0,11242.0,1935137.0,2807.0,7179.0,12109.0
Madalena,0,,2307635,,5477.0,7226.0,202609,5146.0,0.0,10456.0,13364.0,2121313.0,3184.0,8201.0,17207.0
Monsenhor Tabosa,0,,2308609,,7721.0,9510.0,202609,6965.0,0.0,11306.0,15165.0,2741170.0,4142.0,9755.0,17675.0
Pedra Branca,0,,2310506,,14772.0,18126.0,202609,13717.0,0.0,23182.0,32120.0,5427584.0,8201.0,19180.0,42198.0
Quixadá,0,,2311306,,32859.0,35659.0,202609,30212.0,0.0,49648.0,64919.0,11914655.0,18104.0,38376.0,89190.0
Quixeramobim,0,,2311405,,22813.0,28040.0,202609,21386.0,0.0,40554.0,51945.0,8645748.0,12931.0,31311.0,87030.0
Tamboril,0,,2313203,,7656.0,10451.0,202609,7457.0,0.0,14808.0,19316.0,2853406.0,4185.0,11448.0,25314.0
Banabuiú,0,,2301851,,,,202610,,0.0,,,,,,17679.0
Boa Viagem,0,,2302404,,,,202610,,0.0,,,,,,52100.0
Canindé,0,,2302800,,,,202610,,0.0,,,,,,77536.0
Choró,0,,2303931,,,,202610,,0.0,,,,,,12325.0
Ibaretama,0,,2305266,,,,202610,,0.0,,,,,,12109.0
Madalena,0,,2307635,,,,202610,,0.0,,,,,,17207.0
Monsenhor Tabosa,0,,2308609,,,,202610,,0.0,,,,,,17675.0
Pedra Branca,0,,2310506,,,,202610,,0.0,,,,,,42198.0
Quixadá,0,,2311306,,,,202610,,0.0,,,,,,89190.0
Quixeramobim,0,,2311405,,,,202610,,0.0,,,,,,87030.0
Tamboril,0,,2313203,,,,202610,,0.0,,,,,,25314.0
Banabuiú,0,,2301851,,,,202611,,0.0,,,,,,17679.0
Boa Viagem,0,,2302404,,,,202611,,0.0,,,,,,52100.0
Canindé,0,,2302800,,,,202611,,0.0,,,,,,77536.0
Choró,0,,2303931,,,,202611,,0.0,,,,,,12325.0
Ibaretama,0,,2305266,,,,202611,,0.0,,,,,,12109.0
Madalena,0,,2307635,,,,202611,,0.0,,,,,,17207.0
Monsenhor Tabosa,0,,2308609,,,,202611,,0.0,,,,,,17675.0
Pedra Branca,0,,2310506,,,,202611,,0.0,,,,,,42198.0
Quixadá,0,,2311306,,,,202611,,0.0,,,,,,89190.0
Quixeramobim,0,,2311405,,,,202611,,0.0,,,,,,87030.0
Tamboril,0,,2313203,,,,202611,,0.0,,,,,,25314.0
Banabuiú,0,,2301851,,,,202612,,0.0,,,,,,17679.0
Boa Viagem,0,,2302404,,,,202612,,0.0,,,,,,52100.0
Canindé,0,,2302800,,,,202612,,0.0,,,,,,77536.0
Choró,0,,2303931,,,,202612,,0.0,,,,,,12325.0
Ibaretama,0,,2305266,,,,202612,,0.0,,,,,,12109.0
Madalena,0,,2307635,,,,202612,,0.0,,,,,,17207.0
Monsenhor Tabosa,0,,2308609,,,,202612,,0.0,,,,,,17675.0
Pedra Branca,0,,2310506,,,,202612,,0.0,,,,,,42198.0
Quixadá,0,,2311306,,,,202612,,0.0,,,,,,89190.0
Quixeramobim,0,,2311405,,,,202612,,0.0,,,,,,87030.0
Tamboril,0,,2313203,,,,202612,,0.0,,,,,,25314.0
