municipio,populacao_2025,pib_per_capita_2023_reais,pct_adm_publica_2021,pct_agropecuaria_2021,pct_industria_2021,pct_servicos_2021,bolsa_familia_familias_202608,bolsa_familia_familias_por_1000_hab,bpc_beneficiarios_202608,bpc_por_1000_hab,inss_benef_por_1000_hab,inss_pct_rural,inss_valor_2025_reais,bolsa_familia_valor_2025_reais,bpc_portal_valor_2025_reais,transferencias_per_capita_2025_reais,transferencias_sobre_pib_per_capita
Banabuiú,17667.0,18527.0,35.0,21.3,16.6,27.1,3101,175.5,547,31.0,225.2,85.3,68082604.86,25705492.0,9925287.2,5309.0,0.29
Boa Viagem,52133.0,14237.0,42.7,12.3,7.3,37.7,8505,163.1,3085,59.2,333.7,87.4,299171017.23,72301548.0,54681307.36,7125.0,0.5
Canindé,77376.0,16109.0,40.5,7.2,8.6,43.8,15588,201.5,4182,54.0,340.0,85.9,448761806.25,122670354.0,74449680.37,7385.0,0.46
Choró,12352.0,17459.0,36.4,8.1,4.8,50.8,2348,190.1,323,26.1,174.6,96.3,35270701.02,19892880.0,5734070.07,4466.0,0.26
Ibaretama,12149.0,13697.0,52.3,17.4,3.8,26.6,2771,228.1,385,31.7,171.3,91.0,34272345.37,22519925.0,6500341.31,4675.0,0.34
Madalena,17235.0,12766.0,53.3,12.8,3.3,30.5,3137,182.0,582,33.8,193.8,85.0,57438337.54,26941236.0,10113151.41,4896.0,0.38
Monsenhor Tabosa,17705.0,12300.0,53.1,13.2,2.7,31.0,4098,231.5,601,33.9,228.5,82.3,70817603.64,33617302.0,9743576.73,5899.0,0.48
Pedra Branca,42227.0,11974.0,52.8,11.0,2.6,33.5,8108,192.0,1284,30.4,272.6,83.7,200804514.78,64296951.0,22298822.3,6278.0,0.52
Quixadá,88846.0,16924.0,35.4,10.3,6.5,47.9,17639,198.5,7138,80.3,277.0,74.2,408773594.56,137095805.0,121070861.75,6144.0,0.36
Quixeramobim,86431.0,23468.0,25.0,11.7,22.7,40.7,12705,147.0,4179,48.4,221.1,80.2,324814786.82,101838351.0,74573119.7,4936.0,0.21
Tamboril,25287.0,12863.0,43.2,25.8,3.2,27.8,4063,160.7,948,37.5,313.6,84.2,141057132.32,36461198.0,15555280.53,7020.0,0.55
