localidade_id,localidade,periodo,pib_mil_reais,populacao_2022,area_km2,pib_per_capita_reais
2301851,Banabuiú (CE),2018,163626.0,17195.0,1080.986,9516.0
2301851,Banabuiú (CE),2019,183515.0,17195.0,1080.986,10673.0
2301851,Banabuiú (CE),2020,209737.0,17195.0,1080.986,12198.0
2301851,Banabuiú (CE),2021,260031.0,17195.0,1080.986,15122.0
2301851,Banabuiú (CE),2022,296956.0,17195.0,1080.986,17270.0
2301851,Banabuiú (CE),2023,318579.0,17195.0,1080.986,18527.0
2302404,Boa Viagem (CE),2018,395707.0,50411.0,2835.037,7850.0
2302404,Boa Viagem (CE),2019,469723.0,50411.0,2835.037,9318.0
2302404,Boa Viagem (CE),2020,508266.0,50411.0,2835.037,10082.0
2302404,Boa Viagem (CE),2021,539218.0,50411.0,2835.037,10696.0
2302404,Boa Viagem (CE),2022,584404.0,50411.0,2835.037,11593.0
2302404,Boa Viagem (CE),2023,717721.0,50411.0,2835.037,14237.0
2302800,Canindé (CE),2018,655467.0,74174.0,3032.39,8837.0
2302800,Canindé (CE),2019,888885.0,74174.0,3032.39,11984.0
2302800,Canindé (CE),2020,882668.0,74174.0,3032.39,11900.0
2302800,Canindé (CE),2021,911356.0,74174.0,3032.39,12287.0
2302800,Canindé (CE),2022,1021411.0,74174.0,3032.39,13770.0
2302800,Canindé (CE),2023,1194867.0,74174.0,3032.39,16109.0
2303931,Choró (CE),2018,82146.0,12113.0,815.268,6782.0
2303931,Choró (CE),2019,124553.0,12113.0,815.268,10283.0
2303931,Choró (CE),2020,176741.0,12113.0,815.268,14591.0
2303931,Choró (CE),2021,178989.0,12113.0,815.268,14777.0
2303931,Choró (CE),2022,192951.0,12113.0,815.268,15929.0
2303931,Choró (CE),2023,211479.0,12113.0,815.268,17459.0
2305266,Ibaretama (CE),2018,95630.0,11956.0,879.255,7998.0
2305266,Ibaretama (CE),2019,108664.0,11956.0,879.255,9089.0
2305266,Ibaretama (CE),2020,124442.0,11956.0,879.255,10408.0
2305266,Ibaretama (CE),2021,132265.0,11956.0,879.255,11063.0
2305266,Ibaretama (CE),2022,144293.0,11956.0,879.255,12069.0
2305266,Ibaretama (CE),2023,163765.0,11956.0,879.255,13697.0
2307635,Madalena (CE),2018,131492.0,16896.0,997.781,7782.0
2307635,Madalena (CE),2019,141443.0,16896.0,997.781,8371.0
2307635,Madalena (CE),2020,161611.0,16896.0,997.781,9565.0
2307635,Madalena (CE),2021,174831.0,16896.0,997.781,10347.0
2307635,Madalena (CE),2022,208238.0,16896.0,997.781,12325.0
2307635,Madalena (CE),2023,215696.0,16896.0,997.781,12766.0
2308609,Monsenhor Tabosa (CE),2018,130693.0,17149.0,892.538,7621.0
2308609,Monsenhor Tabosa (CE),2019,141197.0,17149.0,892.538,8234.0
2308609,Monsenhor Tabosa (CE),2020,149162.0,17149.0,892.538,8698.0
2308609,Monsenhor Tabosa (CE),2021,160699.0,17149.0,892.538,9371.0
2308609,Monsenhor Tabosa (CE),2022,179307.0,17149.0,892.538,10456.0
2308609,Monsenhor Tabosa (CE),2023,210938.0,17149.0,892.538,12300.0
2310506,Pedra Branca (CE),2018,300170.0,40187.0,1302.081,7469.0
2310506,Pedra Branca (CE),2019,332992.0,40187.0,1302.081,8286.0
2310506,Pedra Branca (CE),2020,378258.0,40187.0,1302.081,9412.0
2310506,Pedra Branca (CE),2021,389914.0,40187.0,1302.081,9702.0
2310506,Pedra Branca (CE),2022,411066.0,40187.0,1302.081,10229.0
2310506,Pedra Branca (CE),2023,481197.0,40187.0,1302.081,11974.0
2311306,Quixadá (CE),2018,1043640.0,84168.0,2020.586,12399.0
2311306,Quixadá (CE),2019,1005884.0,84168.0,2020.586,11951.0
2311306,Quixadá (CE),2020,1051941.0,84168.0,2020.586,12498.0
2311306,Quixadá (CE),2021,1109869.0,84168.0,2020.586,13186.0
2311306,Quixadá (CE),2022,1283066.0,84168.0,2020.586,15244.0
2311306,Quixadá (CE),2023,1424438.0,84168.0,2020.586,16924.0
2311405,Quixeramobim (CE),2018,1072295.0,82177.0,3324.987,13049.0
2311405,Quixeramobim (CE),2019,1229512.0,82177.0,3324.987,14962.0
2311405,Quixeramobim (CE),2020,1185654.0,82177.0,3324.987,14428.0
2311405,Quixeramobim (CE),2021,1402461.0,82177.0,3324.987,17066.0
2311405,Quixeramobim (CE),2022,1725840.0,82177.0,3324.987,21001.0
2311405,Quixeramobim (CE),2023,1928559.0,82177.0,3324.987,23468.0
2313203,Tamboril (CE),2018,211770.0,24815.0,2014.543,8534.0
2313203,Tamboril (CE),2019,239874.0,24815.0,2014.543,9666.0
2313203,Tamboril (CE),2020,261258.0,24815.0,2014.543,10528.0
2313203,Tamboril (CE),2021,282247.0,24815.0,2014.543,11374.0
2313203,Tamboril (CE),2022,316962.0,24815.0,2014.543,12773.0
2313203,Tamboril (CE),2023,319202.0,24815.0,2014.543,12863.0
