ano,codigo_ibge,municipio,pessoas_distintas,meses_com_pagamento,valor_total,populacao_2022,pessoas_por_1000_hab
2025,2301851,Banabuiú,113,6,486373.24,17195.0,6.6
2025,2302404,Boa Viagem,34,7,186291.85,50411.0,0.7
2025,2302800,Canindé,68,7,296010.0,74174.0,0.9
2025,2303931,Choró,60,5,247434.0,12113.0,5.0
2025,2305266,Ibaretama,1,1,4554.0,11956.0,0.1
2025,2307635,Madalena,6,4,33396.0,16896.0,0.4
2025,2308609,Monsenhor Tabosa,1,2,4554.0,17149.0,0.1
2025,2310506,Pedra Branca,2,2,12144.0,40187.0,0.0
2025,2311306,Quixadá,83,6,359766.0,84168.0,1.0
2025,2311405,Quixeramobim,88,6,356827.02,82177.0,1.1
2025,2313203,Tamboril,54,4,320298.0,24815.0,2.2
2026,2301851,Banabuiú,121,4,488066.81,17195.0,7.0
2026,2302404,Boa Viagem,31,7,197762.0,50411.0,0.6
2026,2302800,Canindé,59,4,220456.0,74174.0,0.8
2026,2303931,Choró,55,4,226940.0,12113.0,4.5
2026,2305266,Ibaretama,1,3,4863.0,11956.0,0.1
2026,2307635,Madalena,8,4,34041.0,16896.0,0.5
2026,2308609,Monsenhor Tabosa,27,7,168584.0,17149.0,1.6
2026,2310506,Pedra Branca,2,4,12968.0,40187.0,0.0
2026,2311306,Quixadá,79,4,304748.0,84168.0,0.9
2026,2311405,Quixeramobim,73,4,205879.47,82177.0,0.9
2026,2313203,Tamboril,71,7,427944.0,24815.0,2.9
