tabela,variavel_id,variavel,unidade,localidade_id,localidade,Sexo,Cor ou raça,Idade,periodo,valor_original,valor
9543,2513,Taxa de alfabetização das pessoas de 15 anos ou mais de idade,%,2302404,Boa Viagem (CE),Total,Total,Total,2022,75.66,75.66
9543,2513,Taxa de alfabetização das pessoas de 15 anos ou mais de idade,%,2307635,Madalena (CE),Total,Total,Total,2022,79.09,79.09
9543,2513,Taxa de alfabetização das pessoas de 15 anos ou mais de idade,%,2311405,Quixeramobim (CE),Total,Total,Total,2022,82.23,82.23
9543,2513,Taxa de alfabetização das pessoas de 15 anos ou mais de idade,%,2311306,Quixadá (CE),Total,Total,Total,2022,82.59,82.59
9543,2513,Taxa de alfabetização das pessoas de 15 anos ou mais de idade,%,2301851,Banabuiú (CE),Total,Total,Total,2022,76.20,76.2
9543,2513,Taxa de alfabetização das pessoas de 15 anos ou mais de idade,%,2303931,Choró (CE),Total,Total,Total,2022,75.02,75.02
9543,2513,Taxa de alfabetização das pessoas de 15 anos ou mais de idade,%,2305266,Ibaretama (CE),Total,Total,Total,2022,73.72,73.72
9543,2513,Taxa de alfabetização das pessoas de 15 anos ou mais de idade,%,2302800,Canindé (CE),Total,Total,Total,2022,80.76,80.76
9543,2513,Taxa de alfabetização das pessoas de 15 anos ou mais de idade,%,2308609,Monsenhor Tabosa (CE),Total,Total,Total,2022,78.63,78.63
9543,2513,Taxa de alfabetização das pessoas de 15 anos ou mais de idade,%,2313203,Tamboril (CE),Total,Total,Total,2022,74.90,74.9
9543,2513,Taxa de alfabetização das pessoas de 15 anos ou mais de idade,%,2310506,Pedra Branca (CE),Total,Total,Total,2022,76.49,76.49
